"iD","area_km2","lat","lon"
"02364500",3061.38,31.11267588,-86.0993868
"02407000",21735.28,33.29177917,-86.36386659
"02411000",26164.18,32.6140204,-86.2549702
"02414500",4338.25,33.11678684,-85.5607875
"02414715",5330.22,32.97738315,-85.7396804
"02418500",8619.52,32.51263566,-85.8891253
"02419890",12033.14,32.43989677,-86.1955275
"02420000",39075.33,32.41152597,-86.40830579
"02424000",2659.93,32.9451238,-87.1391623
"02424590",3833.2,32.5293002,-87.198884
"02425000",4573.94,32.4440634,-87.180279
"02428400",55615.07,31.61515849,-87.550548
"02429500",56894.53,31.54682748,-87.5124908
"02444160",14892.5,33.21067874,-88.2886454
"02444500",15384.6,33.08123655,-88.2378093
"02447025",18725.7,32.8481856,-88.1561363
"02448500",2841.23,32.9326287,-88.2978103
"02449000",22356.88,32.8251306,-88.1566917
"02456500",2292.15,33.7098268,-86.9833305
"02462500",10310.79,33.4584457,-87.3541677
"02462951",10927.21,33.25317258,-87.4491703
"02465000",12483.8,33.20928528,-87.5900074
"02466030",15047.9,32.77790835,-87.8405687
"02467000",39847.15,32.51958077,-87.8783476
"02469761",47700.03,31.75849066,-88.1291763
"03575500",66329.9,34.57175806,-86.5580466
"03589500",79797.9,34.78703254,-87.6700288
"15024800",50841.7,56.70772188,-132.1319653
"15041200",16835,58.53829828,-133.7017432
"15056500",2048.69,59.41494719,-135.9310198
"15129000",27169.1,59.39471189,-138.083688
"15200280",4558.4,62.5203918,-145.5330154
"15202000",6889.4,62.05508477,-145.4282607
"15212000",53794.3,61.46507857,-144.4579232
"15214000",62237.7,60.6711432,-144.7467135
"15266300",5231.8,60.4769289,-151.0816675
"15281000",3159.8,61.5044605,-149.032765
"15284000",5335.4,61.6086312,-149.0730432
"15291000",2375.03,63.10343837,-147.5180902
"15291500",10644.9,62.6981532,-147.5472168
"15292000",15876.7,62.7672899,-149.6933794
"15292400",6526.8,62.55810837,-150.23616
"15292700",5205.9,62.3464388,-150.019201
"15292780",28671.3,62.1748474,-150.1726719
"15294300",5827.5,61.87250918,-151.3691358
"15294345",15824.9,61.6980747,-150.6527885
"15294350",50142.4,61.5441796,-150.5147329
"15294500",2797.2,61.2116271,-152.3593688
"15300000",8831.9,59.85876257,-154.8755187
"15300500",16576,59.32817987,-155.9013295
"15302000",3910.9,59.93483,-158.1900062
"15304000",80549,61.8687445,-158.1137848
"15348000",15151.5,64.3088552,-141.4045168
"15356000",289044,64.789168,-141.2000892
"15453500",502460,65.8751013,-149.7203487
"15470000",7666.4,63.0060583,-141.8069194
"15476000",21807.8,63.3879716,-143.748634
"15484000",5698,64.47152778,-146.9280556
"15493000",2419.06,64.9019722,-146.3613333
"15493400",3470.6,64.8595879,-146.8057505
"15493700",3781.4,64.8004119,-147.2301929
"15514000",5154.1,64.8454026,-147.703536
"15515500",66200.4,64.5649444,-149.094
"15518000",4946.9,63.8448197,-148.9459267
"15564800",664594,64.74050977,-155.4919074
"15564900",46594.1,66.04695537,-154.2609683
"15565447",824397,61.9336866,-162.8829356
"15744500",24553.2,66.972994,-160.1336307
"15803000",4636.1,70.4953764,-157.395848
"15896000",8650.6,70.28138539,-148.962786
"15908000",4791.5,69.0158333,-148.8177778
"09379200",9453.5,36.943891,-109.7106684
"09379910",289303,36.921655,-111.4834913
"09380000",289562,36.8643333,-111.5878722
"09382000",3651.9,36.87220977,-111.5946052
"09383000",290080,36.8513765,-111.6065497
"09385500",2046.1,34.36809558,-109.3828734
"09385700",2188.55,34.4505935,-109.3623199
"09386030",2608.13,34.5836456,-109.4070467
"09386500",9689.19,34.64170039,-109.6770533
"09388000",16531.97,34.64725615,-109.7034425
"09394000",2501.94,34.7333645,-110.0340052
"09394500",20906.48,34.7828076,-110.0442837
"09396100",5584.04,35.18224625,-109.4470509
"09397000",29686.58,34.8978039,-110.1631768
"09397300",32074.56,34.90113674,-110.2554013
"09400350",41937.28,35.011688,-110.6512444
"09400568",2343.95,35.65480556,-110.563
"09401000",54566.12,35.4333386,-111.200701
"09401260",4219.11,36.10499334,-111.2018069
"09401500",6894.58,35.92499419,-111.4215312
"09402000",68528.81,35.9263819,-111.5673682
"09402300",69857.48,36.1952642,-111.7771024
"09403780",2810.15,36.86387568,-112.5799203
"09404104",5001.29,35.80444444,-112.4263889
"09404112",7505.82,36.25331558,-112.6979685
"09404120",383141.29,36.25970396,-112.8907533
"09413700",11434.85,36.92138889,-113.8313889
"09415000",13183.1,36.8916437,-113.9244098
"09424450",7101.78,34.46251664,-113.6243774
"09425500",3727.01,34.30001995,-113.5174279
"09426000",11999.47,34.2308539,-113.6088195
"09426620",13822.83,34.2612361,-114.0289806
"09439000",9295.51,32.72444444,-109.0991667
"09442000",10385.9,32.96527778,-109.3086111
"09444500",7163.94,33.05604444,-109.2990167
"09456200",3626,32.45424016,-109.3672859
"09466300",29474.2,33.1667239,-110.1353658
"09467100",29914.5,33.2042245,-110.3145377
"09468500",2657.34,33.29644678,-110.4514876
"09469500",33374.74,33.1695055,-110.5312109
"09470000",34364.12,33.0017324,-110.7659386
"09471000",3196.06,31.62594167,-110.1751028
"09471800",6449.1,32.126467,-110.290073
"09473500",11533.27,32.97728817,-110.770383
"09478350",38820.474,33.0875563,-111.6870757
"09479350",51579.85,33.168661,-112.0073648
"09479500",53392.85,33.2569917,-112.1670934
"09481770",3781.95426,31.7447222,-111.0363889
"09482000",4356.38,31.8714728,-110.9800905
"09485700",2255.89,32.2714643,-110.9145354
"09485850",2310.28,32.2886862,-110.9612047
"09486055",2387.98,32.30340807,-111.0120406
"09486500",9072.77,32.3511849,-111.0945447
"09486520",9430.19,32.47145874,-111.3076074
"09487000",2009.84,32.07563364,-111.3387156
"09488500",4615.38,32.6675574,-111.9281879
"09489000",22224.79,33.23226977,-112.169593
"09490500",3190.88,33.71282949,-110.2117674
"09497500",7378.91,33.79810588,-110.4998292
"09498500",11152.54,33.6194949,-110.9215037
"09502000",16140.88,33.55282304,-111.5765243
"09503700",6493.13,34.89502016,-112.3429468
"09505550",12051.27,34.5505805,-111.851262
"09506000",12973.31,34.4483605,-111.7898705
"09508000",14519.54,34.2635583,-111.6815278
"09508500",15172.22,34.0730922,-111.7162569
"09510000",15956.99,33.80837509,-111.6634729
"09511300",17132.85,33.5586557,-111.6693043
"09512406",34718.95,33.40143305,-112.168762
"09513970",5350.94,33.43504225,-112.3337681
"09514300",120033.55,33.33420907,-112.6234998
"09516500",2061.64,33.88503188,-112.6621198
"09517000",3809.89,33.34726408,-112.7257259
"09517500",4843.3,33.2700431,-112.79795
"09518500",128593.5,33.22921044,-112.7673929
"09519000",128593.5,33.2292104,-112.7715597
"09519500",128593.5,33.22921044,-112.7673929
"09519800",131856.9,33.0750458,-113.0146217
"09520280",142450,32.87928056,-113.5412639
"09520500",149831.5,32.7608789,-114.4205019
"09520700",150090.5,32.7106028,-114.5524502
"09521000",629111,32.72921358,-114.6216191
"09522000",638953,32.7186587,-114.7188444
"09522200",638953,32.49672163,-114.8141256
"09535300",3237.5,31.95118436,-112.3479136
"09537500",2649.57,31.35232457,-109.5850677
"07040100",4584.3,36.45555556,-90.1377778
"07040450",6138.3,35.8208333,-90.4325
"07046600",5464.9,35.67194444,-90.3380556
"07047500",13333.32,35.5223041,-90.424269
"07047810",12046.09,35.53758147,-90.4848267
"07047902",16770.25,35.2167552,-90.6334413
"07047950",2035.74,34.97277778,-90.8855556
"07055000",15749.79,36.3097904,-92.5579408
"07056000",2147.11,35.98305556,-92.7472222
"07060500",25848.2,36.11666667,-92.1430556
"07061000",28671.3,35.76027778,-91.6411111
"07064000",4532.5,36.40194444,-90.5413889
"07069000",12535.6,36.25416667,-90.9702778
"07069500",3056.2,36.20555556,-91.1716667
"07072000",2926.7,36.34638889,-91.1141667
"07072500",19088.3,36.1025,-91.0977778
"07074500",51541,35.60527778,-91.2888889
"07074850",53095,35.29444444,-91.3941667
"07076750",58016,35.12888889,-91.4497222
"07077000",60606,34.79444444,-91.4447222
"07077555",3030.3,35.03555556,-91.3225
"07077800",66187.45,34.6856517,-91.3154036
"07250551",389916.73,35.34953529,-94.2985448
"07263012",2478.63,34.95666667,-92.985
"07263500",409220,34.7497222,-92.2691667
"07265450",2928254,33.55761197,-91.2376135
"07337000",124320,33.55194444,-94.0411111
"07341301",10668.21,33.69123139,-93.9649107
"07344370",147378.77,33.08944444,-93.8594444
"07357501",2861.95,34.571757,-93.1937965
"07359001",4014.5,34.43064679,-92.881005
"07359002",4014.5,34.4261111,-92.8908333
"07360000",5985.49,34.12120694,-93.046284
"07361600",2794.61,33.8781625,-93.3046161
"07362000",13882.4,33.59638889,-92.8180556
"07363200",2900.8,34.1161111,-92.4055556
"07364100",27938.33,33.0311111,-92.0877778
"07364185",2874.9,33.23555556,-91.5355556
"09427520",473193,34.29557035,-114.140225
"09429010",482258,33.7319659,-114.5118999
"09429100",471898,33.7191361,-114.4975389
"09429490",488215,32.8849361,-114.468111
"09429600",488474,32.8122666,-114.5149494
"09521100",638435,32.73171354,-114.6327306
"10251300",8003.1,35.84944444,-116.2308333
"10255885",4384.87,33.1239345,-115.8530559
"10259300",2779.07,33.7372434,-116.236118
"10259540",3872.05,33.52474915,-116.0775023
"10262000",2825.69,34.83551667,-117.1916778
"10262500",3341.1,34.90692668,-117.022818
"10263000",5493.39,35.03720565,-116.3841887
"10277500",5117.84,37.0152113,-118.2245425
"10346000",2413.88,39.42796385,-120.0340873
"11013500",4390.05,32.55172325,-117.0841943
"11066460",2206.68,33.9684722,-117.4482222
"11066500",2209.27,33.96473667,-117.466159
"11074000",5848.22,33.88334875,-117.6453296
"11078000",4403,33.75112815,-117.9083906
"11103000",2141.93,33.81723937,-118.2064584
"11114000",4128.46,34.27889168,-119.142051
"11133000",2043.51,34.63609474,-120.424606
"11133500",2046.1,34.6441501,-120.4309953
"11134000",2110.85,34.6683162,-120.4579411
"11134500",2123.8,34.6683161,-120.4757198
"11136800",2294.74,35.0219213,-120.2284868
"11138100",2931.88,34.9444227,-120.2926568
"11141000",4509.19,34.9763661,-120.5718364
"11148500",2387.98,35.71719096,-120.6401683
"11150500",6565.65,35.9302434,-120.8687915
"11151700",9228.17,36.411076,-121.3193738
"11152300",10468.78,36.55357267,-121.5493856
"11152500",10764.04,36.631071,-121.672446
"11159000",3071.74,36.9002307,-121.5977215
"11186000",2191.14,35.94522615,-118.4775862
"11186001",2191.14,35.94522615,-118.4775862
"11187000",2613.31,35.7543954,-118.4234182
"11191000",5371.66,35.6391193,-118.4848082
"11192500",5848.22,35.52078857,-118.6770332
"11192501",5848.22,35.52078857,-118.6770332
"11194000",6234.13,35.43162386,-118.9462092
"11213500",2465.68,36.8632806,-119.124282
"11218500",3475.78,36.87466959,-119.1417828
"11221500",4001.55,36.8305045,-119.3362347
"11234750",2577.05,37.32216656,-119.3248501
"11234760",2597.77,37.3166111,-119.3295725
"11238600",3100.23,37.2077239,-119.329849
"11242000",3354.05,37.14439236,-119.454577
"11246700",3783.99,37.1321706,-119.5315256
"11247000",3833.2,37.07911569,-119.5609712
"11251000",4340.84,36.98439397,-119.7243124
"11254000",10204.6,36.8105046,-120.3782256
"11261500",19722.85,37.3099386,-120.9310369
"11270900",2747.99,37.5216029,-120.3324114
"11271290",2893.03,37.45410365,-120.6088084
"11272500",3297.07,37.37077046,-120.9304826
"11274000",24656.8,37.3504928,-120.97715
"11274550",25107.46,37.43218889,-121.0133444
"11289650",3983.42,37.666321,-120.4421394
"11289651",3983.42,37.666321,-120.4421394
"11290000",4879.56,37.627153,-120.9843777
"11302000",2553.74,37.85159385,-120.6379816
"11303000",2784.25,37.72965078,-121.1104934
"11303500",35066.01,37.6760406,-121.2663293
"11348500",3706.29,41.40600116,-120.9277458
"11349000",4105.15,41.324055,-121.1277525
"11352000",6410.25,41.0151662,-121.154694
"11355010",9740.99,40.9832178,-121.511927
"11362500",12038.32,40.97349199,-121.7794355
"11363000",12201.49,41.01932436,-121.911107
"11365000",12825.68,40.84376636,-122.0024986
"11370500",16752.12,40.6009835,-122.4444553
"11376000",2400.93,40.38709797,-122.2386119
"11377100",23051,40.28848836,-122.1866645
"11388500",2002.07,39.72349297,-122.047481
"11389000",31274.25,39.45766285,-121.9941417
"11389500",31313.1,39.2140566,-122.0002508
"11390500",33449.85,39.00989476,-121.82469
"11391000",37645.65,38.80295697,-121.7163526
"11394500",2750.58,39.7082199,-121.2705175
"11403000",2654.75,40.01044218,-121.2185749
"11403200",4592.07,39.98016347,-121.2769099
"11404330",4957.26,39.85238459,-121.3924673
"11404500",5058.27,39.79432869,-121.4516352
"11407000",9386.16,39.52155294,-121.5477477
"11417950",2869.72,39.2396152,-121.2696812
"11418000",2869.72,39.23517079,-121.2741256
"11421700",13815.06,39.07878187,-121.603298
"11425000",15335.39,38.8904532,-121.6044058
"11434000",2579.64,38.81378926,-121.0941123
"11447000",5014.24,38.5679613,-121.4232867
"11447500",60883.13,38.5865717,-121.505511
"11451950",2696.19,38.737403,-122.1244177
"11452000",2703.96,38.728792,-122.1052505
"11452500",2950.01,38.727126,-121.8071874
"11463980",2048.69,38.6329653,-122.8555494
"11465390",2646.98,38.5157448,-122.8647153
"11467000",3465.42,38.50852336,-122.9277737
"11475000",5457.13,40.2182,-123.63253
"11512500",11318.3,41.97208569,-122.3691862
"11516530",11991.7,41.92791865,-122.4441882
"11517500",2053.87,41.8229179,-122.5955813
"11520500",17974.6,41.8537379,-123.2322733
"11523000",21950.25,41.3034599,-123.5345036
"11526400",2944.83,40.76653148,-123.1144757
"11527000",3727.01,40.7887498,-123.4400401
"11529000",2325.82,40.841525,-123.5678243
"11530000",7389.27,41.049852,-123.673668
"11530500",31339,41.5109543,-123.9795164
"06620000",3706.29,40.93663889,-106.3391944
"06695000",2289.56,38.96749238,-105.58139
"06696000",2494.17,38.90526996,-105.4733299
"06701500",4537.68,39.20915718,-105.2677725
"06707500",6679.61,39.4091558,-105.1699899
"06708000",6788.39,39.48832188,-105.0927643
"06710000",7948.71,39.6188766,-105.0191499
"06711565",8782.69,39.66498738,-105.004149
"06714000",10012.94,39.75945556,-105.0040028
"06714215",10088.05,39.81220846,-104.9583129
"06720500",12349.12,39.92192936,-104.868864
"06721000",13061.37,40.11609435,-104.8185831
"06731000",2535.61,40.25803869,-104.879696
"06744000",2152.29,40.3499817,-104.7849693
"06752000",2729.86,40.6644262,-105.2244271
"06752260",2921.52,40.5880833,-105.0692222
"06752280",3221.96,40.5519269,-105.011365
"06752500",4866.61,40.41775868,-104.6399624
"06754000",25021.99,40.4119253,-104.5627366
"06758500",34200.95,40.32138889,-103.9202778
"06759500",37938.32,40.26840278,-103.8011917
"06760000",43053.57,40.406647,-103.4666092
"06764000",59114.16,40.97499276,-102.2518517
"06825000",3657.08,39.61638215,-102.2426918
"06826500",4726.75,39.62388245,-102.163522
"07091200",2732.45,38.6522188,-106.051126
"07091500",3154.62,38.5458304,-106.0105693
"07093700",3846.15,38.50277496,-105.9397333
"07094500",6368.81,38.4872189,-105.373604
"07096000",8073.03,38.43388674,-105.2572128
"07097000",10422.16,38.38833418,-105.0160961
"07099400",12095.3,38.2716694,-104.718033
"07099500",12136.74,38.26722495,-104.6577535
"07099970",12224.8,38.25361396,-104.6060854
"07106300",2240.35,38.42944444,-104.5980556
"07106500",2395.75,38.2877801,-104.6010849
"07109500",16197.86,38.24805799,-104.3991356
"07116500",4814.81,38.2250024,-104.2607996
"07117000",24203.55,38.18417028,-104.1732974
"07119500",2781.66,38.1085,-103.9676111
"07123000",31623.9,37.99055556,-103.5319444
"07124000",36894.55,38.0808399,-103.2196523
"07126300",4957.26,37.3564059,-103.9002383
"07126485",7143.22,37.6183474,-103.593557
"07126500",7446.25,37.7147351,-103.5110538
"07128500",8912.19,38.0342222,-103.2014167
"07130500",47899.46,38.06639635,-102.9324228
"07133000",51134.37,38.10579167,-102.6182056
"07134100",8329.44,38.11417565,-102.4838023
"07134180",60865,38.0955649,-102.3107453
"08217500",2020.2,37.76694638,-106.831433
"08220000",3418.8,37.6886111,-106.4598611
"08221500",4118.1,37.60944707,-106.1489175
"08223000",4428.9,37.48139328,-105.8800218
"08240000",14866.6,37.3161205,-105.7427959
"08249000",2297.33,37.30028754,-105.7469627
"08251500",19943,37.0786111,-105.7569444
"09034250",2040.92,40.108319,-106.0041847
"09034500",2136.75,40.08331887,-106.0880765
"09058000",6161.61,40.03665248,-106.4400324
"09070000",2447.55,39.64942954,-106.9536554
"09070500",11370.1,39.6446111,-107.0780139
"09085000",3763.27,39.54666667,-107.3308333
"09085100",15576.26,39.5549819,-107.337554
"09093700",19088.3,39.36247855,-108.152579
"09095500",20683.74,39.2391463,-108.2661946
"09106150",22825.67,39.09859226,-108.355086
"09114500",2618.49,38.54193567,-106.9497661
"09119000",2747.99,38.5211111,-106.9409583
"09128000",10284.89,38.52915336,-107.648947
"09136200",13574.19,38.7830395,-107.8378395
"09144250",14597.24,38.75303944,-108.078403
"09149500",2885.26,38.74194444,-108.0804167
"09152500",20520.57,38.98331575,-108.4506446
"09163500",46228.91,39.13276047,-109.0270546
"09169500",5244.75,38.3102675,-108.8853805
"09171100",5560.73,38.3569337,-108.8334347
"09175500",2768.71,38.2177684,-108.5664809
"09177000",3885,38.35721157,-108.712875
"09244410",3703.7,40.48830779,-107.1597784
"09247600",5511.52,40.48080479,-107.6142338
"09251000",8761.97,40.50274666,-108.0334152
"09260000",10448.06,40.54901667,-108.4243222
"09260050",20541.29,40.45163387,-108.525101
"09304800",2698.78,40.0225833,-108.1199444
"09306224",4716.39,40.1625,-108.345
"09306290",6552.7,40.17969335,-108.5653775
"09346400",3237.5,37.01361667,-107.312267
"09363500",2823.1,37.03656944,-107.8753333
"09371010",37814,37.00113889,-109.0295833
"01184000",25019.4,41.9873186,-72.6053669
"01200500",2579.64,41.6531496,-73.4898462
"01205500",3998.96,41.38380278,-73.16663889
"02231253",3522.4,30.74162374,-81.687881
"02232000",2507.12,28.08473879,-80.752001
"02232400",3447.29,28.36972837,-80.8725578
"02232500",3986.01,28.54305529,-80.943392
"02234000",5291.37,28.7141611,-81.0353374
"02234500",6687.38,28.83804694,-81.3242323
"02236000",7940.94,29.00831827,-81.3825651
"02236125",8624.7,29.16693056,-81.52206109
"02239000",2636.62,29.18331078,-81.9923091
"02240000",3097.64,29.21469888,-81.9859203
"02240500",3540.53,29.37166667,-81.9019444
"02241000",2007.25,29.57608027,-82.24982278
"02242451",2621.08,29.44191603,-82.1087047
"02243000",2898.21,29.50969267,-81.9461999
"02243960",7114.73,29.50833333,-81.8041667
"02244040",17042.2,29.5963582,-81.683138
"02246500",22921.5,30.3224616,-81.6653735
"02268903",4162.13,27.8041929,-81.1978457
"02272500",7016.31,27.36476398,-81.0517323
"02295637",2139.34,27.50451944,-81.8001722
"02296750",3540.53,27.22088245,-81.8761946
"02312500",2097.9,28.5927714,-82.222032
"02312600",2577.05,28.74359973,-82.2200892
"02312720",3936.8,28.82331955,-82.1831448
"02313000",4726.75,28.98886759,-82.3495406
"02313230",5231.8,29.00997485,-82.6167699
"02315000",5413.1,30.5074414,-82.7162406
"02315500",6293.7,30.3257812,-82.7381826
"02315550",6811.7,30.3929988,-82.9331875
"02317620",4351.2,30.59826888,-83.073195
"02319000",5490.8,30.59548716,-83.2595906
"02319500",18052.3,30.38466196,-83.1718058
"02320500",20409.2,29.955785,-82.9276278
"02322000",2248.12,29.8427386,-82.6309512
"02322500",2634.03,29.84884769,-82.7151204
"02323000",24320.1,29.79134359,-82.924293
"02323500",24967.6,29.58968017,-82.9365131
"02326512",2084.95,30.23131776,-83.918772
"02329000",2952.6,30.55408644,-84.3840715
"02330000",4403,30.38325266,-84.6549109
"02358000",44548,30.7010251,-84.8590871
"02358700",45584,30.42519625,-85.0313059
"02358754",46102,30.1322611,-85.1420111
"02359000",2022.79,30.53408319,-85.1651996
"02359170",49728,29.94937094,-85.0154686
"02365200",8311.31,30.94990438,-85.84299
"02365500",9062.41,30.77574389,-85.827711
"02366500",11354.56,30.4510296,-85.89826819
"02375500",9886.03,30.96518304,-87.2341395
"02192000",3677.8,33.97263889,-82.7708611
"02197000",18984.7,33.37252778,-81.9420833
"02197500",22403.5,32.93644444,-81.5025278
"02198500",25511.5,32.52855556,-81.2683333
"02202000",5024.6,32.7107211,-81.87927999
"02202500",6863.5,32.1901111,-81.4158611
"02212735",5387.2,33.0168611,-83.7271944
"02213000",5801.6,32.8386111,-83.6205556
"02215000",9842,32.283,-83.4623056
"02215260",11551.4,31.99666667,-83.2790278
"02215500",13416.2,31.91991667,-82.6740556
"02218500",2823.1,33.5812375,-83.2726599
"02220500",4739.7,33.3348601,-83.1437652
"02223000",7640.5,33.09016667,-83.2147778
"02223248",9764.3,32.7877222,-82.9569167
"02223382",10619,32.69488308,-82.9387549
"02224500",13234.9,32.19091667,-82.6310278
"02224940",29526,31.9578611,-82.5170278
"02225000",30044,31.9395,-82.35338889
"02226000",35224,31.65466667,-81.8275
"02226362",2299.92,31.30275,-82.5611111
"02226500",3211.6,31.23844444,-82.3228333
"02314500",2926.7,30.68102778,-82.56013889
"02318380",2009.84,31.0004722,-83.4567778
"02318500",3833.2,30.79330556,-83.4534444
"02334653",2823.1,34.0567222,-84.1083333
"02335000",3030.3,33.9972222,-84.2019444
"02335450",3159.8,33.98580556,-84.3156944
"02335500",3185.7,34.0056555,-84.3313139
"02335815",3548.3,33.96775,-84.3836667
"02336000",3755.5,33.85916667,-84.4544444
"02336490",4118.1,33.81741667,-84.4803333
"02337170",5335.4,33.65666667,-84.6736111
"02338000",6293.7,33.47652778,-84.9011944
"02339500",9194.5,32.88663889,-85.1815833
"02342881",15306.9,32.14066667,-85.04938889
"02343801",21263.9,31.25925,-85.1110556
"02343805",21263.9,31.24908333,-85.1066111
"02344872",2056.46,33.04769444,-84.52663889
"02346180",3159.8,32.8385,-84.42425
"02347500",4791.5,32.72219444,-84.2324167
"02349500",7511,32.29821336,-84.0437965
"02349605",7562.8,32.29305556,-84.0436111
"02350500",9997.4,31.76878404,-83.9899033
"02352500",13752.9,31.59416667,-84.1441667
"02353000",14866.6,31.30694444,-84.33888889
"02354800",2590,31.29366667,-84.4885556
"02355350",2693.6,31.21680556,-84.4701667
"02355662",17948.7,31.14055556,-84.4809722
"02383500",2152.29,34.56416667,-84.8330556
"02387500",4149.18,34.5775,-84.9419167
"02388500",5477.85,34.2989722,-85.138
"02394000",2905.98,34.1629722,-84.7410833
"02394670",3483.55,34.1427222,-84.839
"02395000",4232.06,34.20930556,-84.97875
"02395980",4664.59,34.2321111,-85.1169444
"02396000",4711.21,34.25731583,-85.1582835
"02397000",10463.6,34.2005,-85.2564167
"10039500",6423.2,42.21104338,-111.0538022
"10046500",7389.27,42.25305556,-111.2897222
"10068500",9595.95,42.4015929,-111.356875
"10075000",10282.3,42.61381026,-111.583556
"10079500",10600.87,42.64492008,-111.6982833
"10080000",10644.9,42.5863091,-111.7316174
"10092700",12649.56,42.0129808,-111.92134
"12305000",30406.6,48.6168833,-116.0491944
"12318500",34706,48.905,-116.4019444
"12322001",35483,48.9999522,-116.5038223
"12391950",57153.53,48.08805556,-116.0727778
"12392000",57169.07,48.09166667,-116.1166667
"12395000",2336.18,48.20852,-116.9146429
"12395500",62678,48.1822222,-117.0341667
"12413000",2318.05,47.5722,-116.2528
"12413500",3128.72,47.5548222,-116.3246222
"12414500",2654.75,47.2744444,-116.1888889
"12419000",9945.6,47.70295737,-116.9779747
"13032500",13532.75,43.3508333,-111.2188889
"13037500",14897.68,43.6125,-111.66
"13038500",15047.9,43.73527778,-111.8780556
"13046000",2841.23,44.0697222,-111.5105556
"13050500",4584.3,43.96694444,-111.6725
"13055000",2268.84,43.9272222,-111.6138889
"13055340",2771.3,43.835,-111.7777778
"13056500",7562.8,43.8258333,-111.905
"13057155",24690.47,43.6047222,-112.058611
"13060000",25356.1,43.41305556,-112.135
"13062500",25770.5,43.1975,-112.3691667
"13066000",2323.23,43.26277778,-112.0477778
"13068500",3354.05,43.13055556,-112.4766667
"13068501",3354.05,43.13047008,-112.4772036
"13069500",29292.9,43.12527778,-112.5188889
"13075500",3253.04,42.87166667,-112.4680556
"13075910",3379.95,42.9447222,-112.5444444
"13077000",35224,42.7675,-112.8794444
"13081500",40663,42.67277778,-113.5002778
"13088000",44496.2,42.52796709,-114.0186386
"13090000",57860.6,42.5908333,-114.3602778
"13094000",59544.1,42.6658333,-114.7122222
"13108150",5646.2,42.69638889,-114.8552778
"13127000",2074.59,43.93916667,-113.6483333
"13132500",3651.9,43.5822222,-113.2705556
"13135000",67521.3,42.84851319,-114.9014473
"13141000",2134.16,43.32805556,-114.3416667
"13142500",4172.49,43.24805556,-114.3566667
"13152500",7744.1,42.88638889,-114.8030556
"13153500",7770,42.86323537,-114.902003
"13153776",91945,42.9143452,-115.0933982
"13154500",92722,43.0022222,-115.2025
"13168500",6956.74,42.7711111,-115.7202778
"13171620",105672,42.94711569,-115.981204
"13172500",108521,43.25481389,-116.3906389
"13185000",2154.88,43.66805556,-115.7252778
"13190500",2533.02,43.3436111,-115.4775
"13202000",6956.74,43.52766907,-116.0595539
"13205500",7099.19,43.60905575,-116.2084506
"13206000",7182.07,43.66055556,-116.2791667
"13210050",7498.05,43.6848841,-116.5737442
"13212500",9893.8,43.7223828,-116.7937552
"13213000",10116.54,43.78166667,-116.9727778
"13213100",152033,43.8761111,-116.9825
"13238000",3108,44.0854476,-116.0998475
"13246000",2385.39,44.11416667,-116.1072222
"13247500",5749.8,43.9433333,-116.1966667
"13249500",7070.7,43.93055556,-116.4427778
"13250000",7148.4,43.8961111,-116.6277778
"13251000",8391.6,44.0422222,-116.9252778
"13266000",3755.5,44.27,-116.7722222
"13269000",179228,44.24555556,-116.9808333
"13296500",2090.13,44.2683333,-114.7327778
"13302000",2149.7,44.68964775,-114.045339
"13302005",2149.7,44.69166667,-114.0469444
"13302500",9678.83,45.1836111,-113.8952778
"13305000",2323.23,44.94,-113.6391667
"13305310",3149.44,45.13277778,-113.7988889
"13307000",16159.01,45.3225,-114.44
"13309220",2698.78,44.7215194,-115.0143472
"13310199",7448.84,45.2936111,-114.5963889
"13317000",34760.39,45.75027778,-116.3238889
"13336500",4959.85,46.08666667,-115.5138889
"13337000",3051.02,46.1508333,-115.5872222
"13338500",3025.12,46.08638889,-115.9766667
"13340000",14263.13,46.4783333,-116.2575
"13340600",3356.64,46.84055556,-115.621111
"13341050",20657.84,46.50027778,-116.3925
"13342500",24042.97,46.4483333,-116.8275
"03339000",3341.1,40.1010833,-87.5976111
"03345500",3926.44,38.93669444,-88.0223333
"03377500",74164.65,38.3983333,-87.75638889
"03379500",2929.29,38.6347222,-88.2972222
"03381500",8034.18,38.06055556,-88.1572222
"03382500",2722.09,37.6978251,-88.2667053
"03384500",372701,37.3578302,-88.4825424
"03399800",372960,37.15922215,-88.4272616
"03611500",525770,37.14755435,-88.7408872
"05435500",3436.6192,42.30027778,-89.6152778
"05437050",6620.04,42.43805556,-89.175
"05437500",16480.17,42.45027778,-89.0725
"05440000",2846.41,42.19444444,-88.9988889
"05443500",22670.27,41.7722222,-89.7455556
"05446500",24731.91,41.5561111,-90.1852778
"05447500",2597.77,41.4889333,-90.1580083
"05520500",5941.46,41.15994444,-87.66875
"05526000",5415.69,41.0092222,-87.8240556
"05527500",13338.5,41.3463333,-88.1867222
"05543500",21390.81,41.327,-88.7170833
"05550000",3633.77,42.16630556,-88.2903333
"05551000",4030.04,41.9961861,-88.2949972
"05552500",6842.78,41.38413889,-88.7889722
"05555300",3240.09,41.2083333,-88.9305556
"05555500",3310.02,41.25531294,-89.01230329
"05558300",35078.96,41.10727778,-89.3562222
"05568000",2779.07,40.45466667,-89.6061667
"05568500",40968.62,40.55343889,-89.7772722
"05569500",2776.48,40.7077222,-90.2797778
"05570000",4237.24,40.49008056,-90.3400944
"05572500",2004.66,39.91864444,-88.8031306
"05573540",2429.42,39.8311111,-88.9763889
"05576000",2245.53,39.7422222,-89.5672778
"05576500",6780.62,39.84312778,-89.5474778
"05582000",4672.36,40.13185556,-89.7357139
"05583000",13190.87,40.1233611,-89.9839722
"05585000",3348.87,40.0250833,-90.6310556
"05585500",67415.11,39.83116667,-90.5598333
"05586100",69264.37,39.70319444,-90.6430833
"05587000",2248.12,39.23394444,-90.3944444
"05587450",443667,38.9679722,-90.429
"05587500",444185,38.88504824,-90.1809429
"05592000",2729.86,39.40702778,-88.781
"05592100",3444.7,39.2298611,-88.8418333
"05592500",5024.6,38.9606111,-89.0888056
"05593000",7042.21,38.61027778,-89.3575
"05594100",11377.87,38.45055556,-89.6275
"05595000",13439.51,38.3197222,-89.8883333
"05597000",2051.28,37.89138889,-89.0194444
"05599490",5591.81,37.7583333,-89.3277778
"05599500",5617.71,37.74805556,-89.3466667
"07020500",1835274,37.90075,-89.8302222
"07022000",1847188,37.22025,-89.4631667
"03276500",3170.16,39.4074722,-85.01288889
"03303280",251230,37.89950088,-86.70554179
"03325000",4579.12,40.7908765,-85.8202632
"03327500",6956.74,40.75,-86.0666667
"03328500",2043.51,40.78198455,-86.2638857
"03329000",9787.61,40.74642866,-86.37749979
"03329500",10538.71,40.59127778,-86.6979167
"03331500",2217.04,41.15726364,-86.5636209
"03332500",4485.88,40.78003928,-86.7600122
"03333000",4830.35,40.6172596,-86.76084299
"03333050",4840.71,40.59391667,-86.7703333
"03335000",2056.46,40.44059108,-86.8291752
"03335500",18821.53,40.42194444,-86.8969444
"03336000",21284.62,40.1400377,-87.4066805
"03340500",28795.62,39.79253835,-87.3739053
"03341500",31766.35,39.4657222,-87.4195
"03342000",34086.99,39.0203202,-87.5686344
"03343000",35498.54,38.7053246,-87.5205765
"03348500",2144.52,40.12948177,-85.962761
"03349000",2222.22,40.04698076,-86.0172069
"03352953",4200.98,39.7747654,-86.18970989
"03353000",4234.65,39.73713889,-86.1696944
"03353611",4915.82,39.7144889,-86.2005434
"03354000",6329.96,39.4975477,-86.4005495
"03357000",7738.92,39.2811561,-86.762228
"03360000",2149.7,39.38407038,-87.0209014
"03360500",12141.92,38.9281111,-87.0192778
"03363000",2745.4,39.33921768,-85.9863816
"03364000",4421.13,39.2000516,-85.9255464
"03365500",6063.19,38.982553,-85.8991444
"03371500",9999.99,38.77033029,-86.4097115
"03374100",29279.95,38.4897695,-87.55002269
"03376500",2128.98,38.39032397,-87.5489109
"04182769",2131.57,41.0786593,-85.1544155
"04182900",4988.34,41.0825483,-85.115248
"04182950",4998.7,41.0797706,-85.0874696
"04183000",5094.53,41.08504866,-85.0221904
"05517500",3501.68,41.2200392,-86.968356
"05517530",3563.84,41.2539276,-87.033914
"05518000",4607.61,41.1828134,-87.3403096
"05389500",174825,43.02701224,-91.1726298
"05412500",4001.55,42.7399884,-91.261799
"05418500",4022.27,42.08335278,-90.6329167
"05420460",221704,41.82725278,-90.1904056
"05420500",221704,41.78058635,-90.252073
"05421000",2714.32,42.46359796,-91.8951722
"05422000",6050.24,41.7669722,-90.5348556
"05451500",3967.88,42.06582096,-92.9076997
"05452500",6358.45,41.85905556,-92.2779167
"05453100",7236.46,41.81272566,-92.064792
"05453520",8067.85,41.71529444,-91.5301667
"05454500",8471.89,41.6566833,-91.541
"05455700",11118.87,41.42377778,-91.4785278
"05457700",2729.86,43.06219444,-92.6738833
"05458500",4301.99,42.64831667,-92.4651861
"05458900",2191.14,42.62942778,-92.5435222
"05462000",4522.14,42.711925,-92.5829667
"05464000",13328.14,42.49554444,-92.3343472
"05464500",16860.9,41.97194549,-91.6671239
"05465000",20168.33,41.40919167,-91.2904306
"05465500",32375,41.1780861,-91.1820917
"05471050",2079.77,41.68180556,-93.2468333
"05471500",4234.65,41.35570278,-92.6573556
"05474000",11168.08,40.75365,-91.2770889
"05474500",308210,40.39365535,-91.374318
"05476500",3553.48,43.39925,-94.846
"05476750",5843.04,42.71944444,-94.2202778
"05479000",3387.72,42.7236111,-94.19325
"05480500",10852.1,42.5083333,-94.2033333
"05481000",2185.96,42.4319722,-93.8059444
"05481300",14120.68,42.25225,-93.9974667
"05481650",15128.19,41.6803333,-93.6676111
"05482000",16174.55,41.61194444,-93.6197222
"05482500",4193.21,41.9878611,-94.3770833
"05484000",2574.46,41.59041667,-94.1511667
"05484500",8912.19,41.53402778,-93.9497778
"05485500",25586.61,41.5785833,-93.6056111
"05487500",30186.45,41.4886016,-93.3382647
"05488110",31934.7,41.36416667,-92.9754722
"05488500",32320.61,41.2813611,-92.8608222
"05489500",34638.66,41.0108472,-92.4112917
"05490500",36358.42,40.72780556,-91.9596139
"06483500",4123.28,43.2150833,-96.2950278
"06485500",20406.61,42.83752049,-96.5619219
"06600500",2294.74,42.57638889,-96.3115556
"06601200",818958,42.0078333,-96.2429167
"06602400",2331,41.96491667,-95.99175
"06605850",4009.32,42.89630556,-95.243
"06606600",6475,42.4822222,-95.7925278
"06607500",9132.34,41.96502778,-95.97225
"06609500",2255.89,41.64169444,-95.7823333
"06808500",3434.34,40.87327778,-95.5814444
"06809500",2315.46,41.00902778,-95.2413611
"06810000",7267.54,40.60119444,-95.6445
"06827000",4817.4,39.67184444,-102.0132611
"06845000",2812.74,39.8130606,-100.5343122
"06845110",3853.92,40.0016,-99.9924889
"06846000",3654.49,39.84805785,-100.9615446
"06846500",4351.2,39.98500557,-100.560148
"06848500",2608.13,39.978775,-99.4781028
"06853500",58018.59,39.9936611,-97.9318583
"06854500",61020.4,39.79873,-97.7931266
"06856000",61020.4,39.58866944,-97.6582056
"06856600",63563.78,39.3555515,-97.1275203
"06857100",64491,39.0427758,-96.8294533
"06859500",3708.88,38.7889022,-100.8698688
"06860000",9207.45,38.7947354,-100.8584796
"06861000",13519.8,38.80778889,-100.0222667
"06862000",14322.7,38.78342095,-99.7114856
"06862500",14581.7,38.76862365,-99.560034
"06862700",14918.4,38.71167927,-99.3470492
"06862850",15047.9,38.71223475,-99.292325
"06864000",18039.35,38.7766781,-98.8548066
"06864050",18324.25,38.79390014,-98.781192
"06864500",19632.2,38.72667589,-98.2336684
"06865500",20349.63,38.61146944,-97.9525639
"06866000",21004.9,38.56380659,-97.6664947
"06866500",21603.19,38.7111152,-97.5717015
"06867000",3890.18,38.9658611,-98.8540917
"06868200",4965.03,38.9747332,-98.4903429
"06869500",7303.8,39.0037861,-97.8733944
"06870200",30380.7,38.8639972,-97.4831556
"06871000",2198.91,39.67284444,-99.3092389
"06871800",3540.53,39.6600106,-99.115644
"06872500",5995.85,39.55300278,-98.6923222
"06873000",2693.6,39.37667456,-99.5801096
"06873200",2978.5,39.40967015,-99.4160333
"06873460",3890.18,39.4397325,-99.1017567
"06874000",5211.08,39.42778826,-98.6942395
"06875900",13830.6,39.4738987,-98.2836658
"06876000",14089.6,39.45450957,-98.1098985
"06876440",15695.4,39.12002778,-97.7112889
"06876900",17534.3,38.96899167,-97.4770444
"06877600",49883.4,38.90638906,-97.1177952
"06879100",116213.3,39.06166457,-96.7663963
"06882510",12372.43,39.8419463,-96.6622425
"06884025",7127.68,39.98027778,-97.0047222
"06884400",8679.09,39.72583518,-96.8047432
"06887000",24967.6,39.2372186,-96.5713918
"06887500",143175.2,39.19833014,-96.3055532
"06888350",144703.3,39.19305265,-96.1474945
"06889000",146904.8,39.0666666,-95.6497028
"06890900",2955.19,39.07500017,-95.4038634
"06891000",151411.4,39.05111157,-95.3863633
"06892350",154768.04,38.9833375,-94.9646893
"06892500",155213.52,39.06028169,-94.8727418
"06913000",2693.6,38.5841777,-95.4535902
"06913500",3237.5,38.61806669,-95.2683071
"06915800",6912.71,38.34529858,-94.7724591
"06916600",8417.5,38.2186367,-94.6130113
"07137500",65811.9,38.0275129,-102.0115706
"07138000",66726.17,37.9661241,-101.7568387
"07138020",67412.52,37.930015,-101.5493371
"07139000",70113.89,37.9558565,-100.8773844
"07139500",79254,37.7447427,-100.0329126
"07140000",85640.94,37.92779434,-99.3742817
"07140850",2825.69,38.2066829,-99.6434539
"07141200",5563.32,38.20758889,-99.405775
"07141300",88982.04,38.35306787,-98.7642519
"07141780",3253.04,38.47721389,-99.4375472
"07141900",4190.62,38.46170278,-99.0144361
"07142575",2711.73,38.09363056,-98.5461389
"07142620",3022.53,38.2293287,-98.4179046
"07143330",100776.9,37.94614167,-97.7751194
"07143375",101294.9,37.78140109,-97.3897665
"07144100",3209.01,37.88306739,-97.4244864
"07144200",3436.93,37.8321722,-97.3885694
"07144300",104869.1,37.6433222,-97.3351944
"07144550",105749.7,37.54430556,-97.2755694
"07144795",2333.59,37.72140097,-97.7944956
"07145500",5514.11,37.45696389,-97.4235556
"07146500",113216.67,37.0375083,-97.0392194
"07147800",4869.2,37.22440278,-96.9956889
"07149000",2338.77,37.03890556,-98.4701556
"07151500",2056.46,37.12868889,-97.6015694
"07155590",7508.41,37.12196746,-101.8979456
"07156220",2162.65,37.62640445,-101.7615609
"07156900",21978.74,37.0111372,-100.4918171
"07157500",2996.63,37.032528,-100.2112531
"07157740",28800.8,37.0267111,-99.4821611
"07166500",2833.46,37.5297764,-95.674703
"07169500",2141.93,37.50796389,-95.8334222
"07170500",7490.28,37.22368014,-95.6777573
"07182250",4506.6,38.3975139,-96.356112
"07182510",7878.78,38.19446678,-95.735264
"07183000",9642.57,37.92225778,-95.4277596
"07183500",12703.95,37.34005866,-95.1099687
"03209500",3190.88,37.4642676,-82.5262632
"03212500",5552.96,37.81537197,-82.7915493
"03213700",2424.24,37.67315699,-82.2801408
"03215000",10093.23,38.17119708,-82.6346023
"03216000",157342.5,38.4840255,-82.6415499
"03216600",160580,38.6467448,-82.860447
"03238000",181636.7,38.68410948,-83.7838888
"03249500",2141.93,38.11535945,-83.5432431
"03250500",4623.15,38.4200749,-83.9974261
"03251500",6024.34,38.60007244,-84.2663239
"03253500",8547,38.7103478,-84.3107693
"03277200",215410.3,38.7753415,-84.8391146
"03280000",2851.59,37.55231228,-83.3857358
"03282000",6881.63,37.5531418,-83.7693625
"03284000",10243.45,37.89396779,-84.26048609
"03284500",11432.26,37.74535715,-84.5866074
"03286500",13043.24,37.8292447,-84.723835
"03287000",13214.18,37.92563166,-84.8213381
"03287500",14014.49,38.2017388,-84.8816171
"03290500",16006.2,38.43895654,-84.9632844
"03294500",236130.3,38.28034736,-85.7991305
"03298500",3100.23,37.98506585,-85.7174591
"03301500",3364.41,37.7672853,-85.7038488
"03308500",4333.07,37.26944444,-85.8880556
"03311500",7153.58,37.20699194,-86.2610868
"03313000",2439.78,36.89504634,-86.1338731
"03314500",4788.91,37.0028201,-86.432768
"03315500",13996.36,37.18226814,-86.62998829
"03316500",16013.97,37.2639316,-86.9777726
"03320000",19595.94,37.533935,-87.2638873
"03403000",2095.31,36.8134197,-83.7660306
"03403500",2486.4,36.8623097,-83.8874248
"03404000",4162.13,36.743417,-84.1560449
"03404500",5120.43,36.8373036,-84.3432703
"03410500",2470.86,36.62702209,-84.5332723
"03414000",14996.1,36.88395484,-85.1394008
"03438220",45578.82,37.02172174,-88.2230852
"03609500",104118,37.01977796,-88.280588
"02489500",17024.07,30.79324276,-89.8209072
"02492000",3141.67,30.62935636,-89.8972956
"07344400",147736.19,32.8931941,-93.8224008
"07348500",156987.67,32.5154297,-93.7404565
"07349000",2841.23,32.59759468,-93.3320309
"07349860",2538.2,32.44737586,-93.5946203
"07350000",6806.52,32.2362691,-93.4265624
"07351750",2227.4,31.89460754,-93.3418388
"07353000",3589.74,31.76805556,-92.9694444
"07355500",174825,31.31027778,-92.4388333
"07364200",3074.33,32.9904049,-91.6556779
"07364500",4260.55,32.87235338,-91.8679054
"07367000",39621.82,32.50527778,-92.1255556
"07367700",2033.15,32.97305556,-91.4419444
"07368000",3175.34,32.48125346,-91.797904
"07370000",2025.38,32.45777778,-91.4761111
"07372200",4918.41,31.7543363,-92.3445833
"07377300",2289.56,30.5349106,-90.9806579
"07378500",3315.2,30.464079,-90.99038
"07380120",4133.64,30.3326939,-90.8520419
"07385500",3962.7,30.3974195,-91.9306728
"08012150",3576.79,30.19,-92.5905556
"08015500",4403,30.50255556,-92.9154167
"01010000",3473.19,46.70055556,-69.7155556
"01010500",6941.2,47.11305556,-69.0880556
"01011000",3828.02,47.0697222,-69.0794444
"01013500",2261.07,47.2375,-68.58277778
"01014000",15356.11,47.2833333,-68.58527778
"01015800",2310.28,46.52305556,-68.3716667
"01017000",4283.86,46.7772222,-68.1572222
"01020000",3405.85,45.2653472,-67.4757306
"01021000",3558.66,45.1369444,-67.3180556
"01029500",2167.83,45.73027778,-68.5894444
"01030000",8047.13,45.5663333,-68.40366389
"01030500",3672.62,45.5011111,-68.3058333
"01034000",3009.58,45.26055556,-68.8686111
"01034500",16632.98,45.2361111,-68.65138889
"01041000",3284.12,45.58485,-69.71696389
"01042500",4118.1,45.3397222,-69.9619444
"01045000",2245.53,45.34905556,-69.99018889
"01046500",7031.85,45.0519444,-69.8855556
"01049265",13993.77,44.4722222,-69.68388889
"01054500",5356.12,44.5519444,-70.5441667
"01059000",8451.17,44.0722222,-70.2080556
"01066000",3348.87,43.80805556,-70.7816667
"01578310",70189,39.65788889,-76.1744444
"01603000",2271.43,39.62180556,-78.7734167
"01610000",8104.11,39.5388611,-78.4556111
"01613000",10525.76,39.69755556,-78.17788889
"01638500",24996.09,39.2735833,-77.5431111
"01643000",2116.03,39.4028333,-77.3660833
"01646500",29940.4,38.94977778,-77.12763889
"01646502",29940.4,38.94977778,-77.12763889
"01100000",12004.65,42.64592464,-71.2983937
"01170500",20357.4,42.5802222,-72.5745
"04040000",3470.6,46.7207742,-89.207086
"04045500",2046.1,46.5745833,-85.26963889
"04056500",2849,46.03052857,-86.161249
"04059000",2253.3,45.90891667,-87.2135278
"04063500",4662,45.8713433,-88.07012869
"04063522",4662,45.86606566,-88.074573
"04065722",7511,45.7366265,-87.86345709
"04066800",9583,45.38719517,-87.7020585
"04067000",9634.8,45.35441927,-87.64872489
"04097500",3496.5,41.94032575,-85.6327707
"04099000",4832.94,41.80088279,-85.7561047
"04101500",9494.94,41.8292138,-86.2597325
"04105500",2134.16,42.32392989,-85.1974929
"04106000",2615.9,42.28559716,-85.513893
"04108500",4144,42.59364079,-85.9841986
"04108660",5050.5,42.65085976,-86.106703
"04113000",3185.7,42.75059039,-84.555257
"04114000",3587.15,42.85642289,-84.9122182
"04116000",7355.6,42.971977,-85.0691725
"04118000",2002.07,42.8111429,-85.4833523
"04119000",12691,42.963082,-85.6772533
"04121500",3711.47,43.8991863,-85.2553192
"04121970",5990.67,43.43474558,-85.6653239
"04122000",6216,43.42224288,-85.8019952
"04122001",6216,43.41694444,-85.8083333
"04124000",2219.63,44.43639239,-85.6986792
"04126000",4343.43,44.2705588,-86.1989734
"04136000",2869.72,44.6769593,-84.2925146
"04136500",3524.99,44.66001385,-84.1311167
"04137500",4504.01,44.43640447,-83.4338609
"04148500",2476.04,43.03891625,-83.771626
"04149000",2986.27,43.3083594,-83.9535826
"04151500",2178.19,43.3278021,-83.7480196
"04156000",6216,43.59530477,-84.2355439
"04165710",592592,42.2980939,-83.0926997
"04174800",2090.13,42.2492053,-83.6124383
"04176500",2698.78,41.9606008,-83.53104619
"04024000",8883.7,46.7032765,-92.4188018
"05030500",2926.7,46.3694039,-96.0175556
"05046000",4506.6,46.20968199,-96.1850614
"05051300",4869.2,46.1521813,-96.5792389
"05062000",2525.25,46.9610736,-96.661465
"05062500",2419.06,47.26555556,-96.2475
"05064000",4040.4,47.26802728,-96.7975783
"05074500",5050.5,47.9574572,-95.2766714
"05075000",5957,48.04857277,-95.8086296
"05076000",2551.15,48.1855249,-96.1700335
"05078500",3574.2,47.88620556,-96.2765806
"05079000",13649.3,47.77552716,-96.6095101
"05083500",80808,48.19387265,-97.140628
"05107500",2823.1,48.9102603,-95.9219402
"05112000",3677.8,48.98164829,-96.4630804
"05126210",2167.83,47.84185,-91.7990339
"05127000",3185.7,47.9346207,-91.7640262
"05127500",4506.6,48.0823937,-91.6526237
"05129115",2343.95,48.2646282,-92.5659935
"05131500",4403,48.39577636,-93.5493266
"05132000",3833.2,48.1957849,-93.8071245
"05133500",50246,48.6344009,-93.913228
"05211000",8728.3,47.23216599,-93.5302144
"05220500",13105.4,46.78967058,-93.328837
"05227500",15902.6,46.5405128,-93.7074712
"05242300",18958.8,46.377744,-94.1833279
"05244000",2667.7,46.64023789,-94.8791839
"05247500",9738.4,46.304967,-94.3775036
"05267000",30044,45.8260765,-94.3552782
"05270500",2667.7,45.55968715,-94.2336033
"05270700",34498.8,45.5471875,-94.145822
"05279000",3030.3,44.9055181,-93.8849675
"05280000",6837.6,45.0866297,-93.734132
"05284750",2590,45.52913085,-93.4393996
"05286000",3522.4,45.32774267,-93.3724537
"05288500",49469,45.12880126,-93.2992726
"05292500",3470.6,45.25607615,-96.339221
"05294000",2343.95,45.2027393,-96.0225455
"05300000",2486.4,44.99523647,-95.9197542
"05301000",10489.5,45.0213472,-95.8683648
"05304500",4869.2,45.108292,-95.7989224
"05316770",24838.1,44.29694444,-94.4336111
"05317000",3367,44.28939167,-94.4386056
"05319500",2204.09,44.04635215,-94.1955144
"05320000",6241.9,44.09552035,-94.1094019
"05320500",2874.9,44.10968777,-94.0419002
"05325000",38591,44.1688553,-94.0032886
"05330920",43771,44.8702432,-93.1924432
"05331000",95312,44.9444444,-93.0881111
"05331580",96089,44.7458333,-92.8477778
"05336700",2248.12,46.1055048,-92.8640899
"05355024",2406.11,44.4585833,-93.1596667
"05355200",3470.6,44.5638559,-92.7321429
"05355250",121471,44.56530556,-92.5424444
"05374900",3626,44.31191029,-92.0040541
"05378500",153328,44.0555186,-91.6376487
"05386000",4040.4,43.7702441,-91.534309
"02433500",3175.34,34.01138889,-88.5136111
"02437100",5301.73,33.83,-88.52
"02437500",5622.89,33.8206694,-88.5186545
"02441000",2398.34,33.53777778,-88.6333333
"02441390",11499.6,33.5175,-88.4894444
"02448000",2012.43,33.0723611,-88.5587778
"02473000",4527.32,31.34305556,-89.2802778
"02474560",6583.78,31.22166667,-89.0530556
"02475000",9052.05,31.10741389,-88.8083222
"02477500",4273.5,31.68254959,-88.68351
"02478500",6967.1,31.1486111,-88.5480556
"02479310",21248.36,30.61055556,-88.64138889
"02483500",5130.79,32.6672222,-89.6461111
"02484630",6734,32.59041575,-89.78035559
"02486000",8212.89,32.28138889,-90.1788889
"07280000",5128.2,34.1806676,-90.2153694
"07281600",13522.39,33.65138889,-90.2111111
"07285000",3418.8,33.8087265,-89.7706417
"07287000",19295.5,33.52444444,-90.1816667
"07288800",32641.77,32.4873633,-90.8173251
"07288955",34589.45,32.44416667,-90.9141667
"07289350",2964255,33.19444444,-89.7711111
"07289500",2659.93,32.8806878,-89.9661952
"07290000",6060.6,32.34777778,-90.6969444
"07290500",7283.08,32.00015647,-90.683433
"07294500",2590,31.3315588,-91.3603909
"07295000",2900.8,31.22694444,-91.2955556
"05490600",37037,40.4624083,-91.5669639
"05507500",5775.7,39.5403192,-91.6723812
"05507800",6086.5,39.57405556,-91.5723056
"05508000",6423.2,39.6125,-91.4073611
"05514500",2338.77,39.01130556,-90.97775
"06817500",3211.6,40.44491667,-95.0903056
"06817700",3936.8,40.20252778,-95.0695833
"06818000",1104635,39.75325,-94.8568333
"06820500",4558.4,39.68802778,-94.7026111
"06821190",6164.2,39.4009722,-94.7268333
"06893000",1253819,39.1117222,-94.5881389
"06895500",1258481,39.2150194,-93.5152118
"06897500",5827.5,39.9269517,-93.9427225
"06899500",4454.8,40.06930556,-93.6380278
"06902000",17819.2,39.64002778,-93.2736944
"06904050",2237.76,40.48402778,-92.6859167
"06904500",3548.3,40.2343333,-92.6863889
"06905500",4843.3,39.53994444,-92.79075
"06908000",2900.8,38.99224236,-93.1968713
"06909000",1296813,38.980306,-92.7454638
"06918070",14011.9,38.0558611,-94.1454167
"06919000",3004.4,37.70105278,-93.7567806
"06919020",3346.28,37.73588889,-93.7796944
"06919900",4687.9,37.8698333,-93.8031667
"06920500",21289.8,38.06225179,-93.6938206
"06921760",3289.3,38.37013889,-93.8581111
"06922000",4299.4,38.2636354,-93.7146555
"06922450",29785,38.262,-93.406
"06926000",36260,38.1907222,-92.6071389
"06926500",37555,38.3389245,-92.2262894
"06928000",3237.5,37.75913889,-92.4520278
"06928500",4351.2,37.87226229,-92.2271131
"06933500",7355.6,37.92991667,-91.9773333
"06934000",8236.2,38.38880556,-91.8198889
"06934500",1353275,38.70980556,-91.4385
"07010000",1805230,38.629,-90.1797778
"07013000",2022.79,37.9984722,-91.3609444
"07014500",3820.25,38.15852778,-91.1084722
"07016500",2092.72,38.44413889,-90.9954722
"07018500",2375.03,38.3917222,-90.6378056
"07019000",9810.92,38.50513889,-90.5901667
"07037500",2476.04,37.19452778,-90.5033056
"07039500",3395.49,36.9281111,-90.2652778
"07044000",2286.97,36.23633056,-89.9783778
"07045000",3548.3,36.23651667,-89.9794861
"07052500",2556.33,36.80538889,-93.4615833
"07053500",10416.98,36.597563,-93.2951829
"07062500",2556.33,37.0587222,-90.687
"07063000",3224.55,36.75975,-90.3878333
"07066500",3294.48,37.18393686,-91.2584654
"07067000",4317.53,36.99138889,-91.0135
"07068000",5278.42,36.6215,-90.8463889
"07071500",2053.87,36.64869444,-91.2008333
"07186000",3014.76,37.2456111,-94.5664167
"07189000",2204.09,36.63146127,-94.5868886
"06014500",4027.45,44.91693889,-112.8312417
"06015400",5998.44,45.0035444,-112.8538278
"06016000",7070.7,45.11612778,-112.7504944
"06017000",7490.28,45.2183833,-112.6553333
"06018000",8855.21,45.3047972,-112.5631806
"06018500",9370.62,45.38338889,-112.4528306
"06023000",2512.3,45.50691389,-112.3308889
"06024580",4154.36,45.8508222,-113.068361
"06025500",6402.48,45.52658056,-112.701725
"06026500",19725.44,45.6132833,-112.3293972
"06036650",24755.22,45.8971361,-111.5956722
"06038500",2411.29,44.86639167,-111.3387806
"06038800",2830.87,44.88865556,-111.580886
"06040000",4475.52,45.2331333,-111.7516333
"06041000",5731.411,45.49023056,-111.6345056
"06043500",2121.21,45.4973,-111.2707083
"06052500",4633.51,45.88535556,-111.438286
"06054500",37920.19,46.1465722,-111.4202778
"06065500",43172.71,46.76619167,-111.8887944
"06066500",43833.16,46.99473889,-112.0106667
"06076690",2188.55,46.7958,-111.1785556
"06077500",4112.92,47.18929167,-111.3862389
"06078200",53366.95,47.43496667,-111.3884444
"06082200",2108.26,47.5471361,-112.3674306
"06085800",3356.64,47.50162778,-111.9319139
"06089000",4594.66,47.52577778,-111.511036
"06090300",59261.79,47.5844444,-111.0605806
"06090800",62929.23,47.8169111,-110.6661417
"06099000",2672.88,48.63340278,-112.3464806
"06099500",7034.44,48.4271972,-111.889836
"06101500",12804.96,48.3059611,-111.0805278
"06102050",18199.93,47.94590278,-110.5808389
"06108000",3206.42,47.930325,-111.5529417
"06109500",88060,48.0037833,-110.2588222
"06115200",105280.91,47.63143056,-108.6877444
"06120500",2869.72,46.4288,-109.8411944
"06123500",5068.63,46.30843889,-109.1906778
"06126500",10354.82,46.4277194,-108.5701028
"06127500",11743.06,46.522425,-108.1088722
"06130000",4804.45,46.9286611,-107.9328417
"06130500",20160.56,46.99469167,-107.8891639
"06131000",6607.09,47.3494472,-106.3578167
"06132000",146309.1,48.044425,-106.3562583
"06135000",6350.68,48.9748194,-110.4217778
"06139500",4628.33,48.52671389,-109.8415778
"06140500",14646.45,48.5636861,-109.6959556
"06151500",4224.29,48.64949167,-109.2316944
"06154100",24998.68,48.48964167,-108.75895
"06155030",28837.06,48.40277778,-108.2940944
"06164510",45819.69,48.50920278,-107.2187556
"06166000",3105.41,48.3567833,-107.5821861
"06172310",55273.19,48.30790556,-106.8223167
"06174500",58150.68,48.13005278,-106.3643139
"06177000",208883.5,48.067325,-105.5330972
"06177825",5133.38,47.9022361,-105.2128083
"06181000",8210.3,48.11791667,-105.1928167
"06183450",2473.45,48.6728972,-104.5120861
"06185110",7037.03,48.16448056,-104.6295194
"06185500",232732.22,48.1235,-104.4733
"06191500",6772.85,45.1121194,-110.7936667
"06192500",9197.09,45.5972111,-110.5664972
"06195600",2191.14,45.7383611,-110.4794694
"06205000",2424.24,45.53674167,-109.4220556
"06207500",2986.27,45.0099111,-109.0653667
"06208500",5296.55,45.46571389,-108.8441056
"06214500",30580.13,45.8001194,-108.4680306
"06287000",50950.48,45.31690278,-107.9188889
"06294000",3351.46,45.7356861,-107.5574694
"06294500",58065.21,46.1244722,-107.4687917
"06294700",59282.51,46.14708056,-107.4673472
"06295000",103993.68,46.2666361,-106.6913028
"06295250",2072,45.76715,-106.5698583
"06296003",3385.13,46.26463056,-106.4752306
"06306300",3758.09,45.0091361,-106.8359444
"06307500",4617.97,45.141275,-106.7713556
"06307616",6819.47,45.41160556,-106.4573528
"06307830",10046.61,45.8403861,-106.2234333
"06308500",13996.36,46.3845944,-105.8455222
"06309000",125065.143,46.4207722,-105.8600333
"06324500",20795.11,45.0571972,-105.8783778
"06325500",5081.58,45.3898444,-105.3053528
"06326500",33825.4,46.4294361,-105.3103306
"06329500",178966.41,47.67741389,-104.1554111
"12301933",23307.41,48.40066389,-115.3187194
"12302055",2180.78,48.35560278,-115.31465
"12303000",26363.61,48.4002194,-115.5536444
"12304500",2051.28,48.5617222,-115.9701583
"12324200",2592.59,46.39765,-112.7425389
"12324680",4594.66,46.58998889,-112.9287139
"12331800",6516.44,46.71191389,-113.3307806
"12334510",2302.51,46.7223361,-113.683061
"12334550",9471.63,46.8259111,-113.8140306
"12340000",5923.33,46.8994111,-113.7563194
"12340500",15594.39,46.87676389,-113.9321194
"12344000",2719.5,45.97205,-114.1412333
"12350250",5034.96,46.4432,-114.1237667
"12351200",6065.78,46.63308889,-114.0509583
"12352500",7314.16,46.83173889,-114.054861
"12353000",23354.03,46.8686333,-114.1277472
"12354500",27785.52,47.30163889,-115.0868694
"12355500",4030.04,48.4957972,-114.1267639
"12358500",2913.75,48.49551667,-114.0102083
"12359800",3001.81,47.9790972,-113.5606833
"12362500",4320.12,48.35657778,-114.0378583
"12363000",11585.07,48.3618111,-114.18495
"12372000",18334.61,47.6802861,-114.2467278
"12388700",23372.16,47.36679167,-114.585
"12389000",51706.76,47.4292,-114.8565333
"12391400",56226.31,47.9612444,-115.7335056
"06453600",2103.08,42.8108611,-98.1753972
"06454100",2419.06,42.4236111,-103.7922222
"06454500",3626,42.4597222,-103.1711111
"06455500",3781.4,42.45638889,-103.0688889
"06457500",11111.1,42.6397222,-102.2105556
"06461500",18518.5,42.90207778,-100.3625278
"06462000",21730.1,42.78694679,-100.0353998
"06464900",4377.1,42.9161111,-99.0969444
"06465000",28671.3,42.81194425,-98.6517525
"06465500",29992.2,42.7397222,-98.2227778
"06486000",814814,42.48619444,-96.4130833
"06610000",836052,41.25905556,-95.92325
"06677500",4421.13,41.93916667,-103.9877778
"06679500",62937,41.92694444,-103.8136111
"06682000",63973,41.79027778,-103.5186111
"06684500",65527,41.6772222,-103.0963889
"06685000",2620.303,41.62666667,-103.0366667
"06686000",69153,41.4886111,-102.6258333
"06687000",2325.561,41.33694444,-102.1747222
"06687500",74074,41.31666667,-102.1258333
"06690500",75887,41.2108333,-101.6322222
"06691000",77182,41.21,-101.1172222
"06692000",2434.6,41.2215833,-101.0701667
"06693000",80031,41.15388889,-100.7588889
"06762500",3144.26,41.22777778,-103.8930556
"06763500",8565.13,41.0333333,-102.405
"06764880",61901,41.1261111,-101.5766667
"06765500",62937,41.11805396,-100.7732011
"06766000",145558,41.01944897,-100.3715219
"06766500",146335,40.8361111,-99.9861111
"06768000",145817,40.6825,-99.5405556
"06770000",145065.9,40.66473345,-99.2559277
"06770200",148303.4,40.65805556,-99.0861111
"06770500",149313.5,40.8744567,-98.2820044
"06774000",153587,41.3683333,-97.4952778
"06775500",4739.7,41.83091667,-100.0995278
"06775900",2501.94,41.7786111,-100.5252778
"06776500",5283.6,41.8225,-100.1002778
"06779000",12999.21,41.42194444,-99.1316667
"06780000",13752.9,41.11084499,-98.8389696
"06782500",4299.4,41.0118611,-98.9141944
"06784000",6008.8,41.0325,-98.7405556
"06785000",20914.25,41.2035,-98.4461111
"06785500",4895.1,41.94166667,-99.8602778
"06786000",6086.5,41.77694444,-99.3791667
"06787500",2574.46,41.81027778,-99.1830556
"06788500",9748.76,41.6063611,-98.9196944
"06790500",11142.18,41.26334596,-98.449236
"06792000",3159.8,41.39444444,-98.0038889
"06793000",37088.8,41.4186111,-97.7236111
"06794500",39368,41.41666667,-97.3566667
"06796000",182336,41.45317778,-96.7753944
"06797500",3626,42.26844444,-98.3393611
"06798500",5698,42.125,-98.0311111
"06799000",7226.1,42.00377778,-97.4260278
"06799350",12110.84,41.8394441,-96.7275324
"06799500",2628.85,41.71277778,-96.5219444
"06800500",17871,41.2933333,-96.2838889
"06803555",2719.5,40.96555556,-96.4544444
"06805500",221108.3,41.01497778,-96.1575
"06807000",1061900,40.68180556,-95.8470833
"06811500",2051.28,40.39277778,-95.8127778
"06813500",1074591,40.05205556,-95.42175
"06815000",3468.01,40.0355577,-95.5960957
"06821500",4366.74,40.0178611,-101.9963056
"06823000",6138.3,40.06943516,-102.0512979
"06824500",12639.2,40.03444444,-101.5427778
"06827500",7096.6,40.01027778,-101.5419444
"06828500",21238,40.14055556,-101.2297222
"06829500",21600.6,40.16666667,-101.0477778
"06831500",2719.5,40.43166667,-101.6269444
"06832500",2952.6,40.42055556,-101.5122222
"06834000",3367,40.35166667,-101.1236111
"06835000",3885,40.37305556,-101.1169444
"06835500",7744.1,40.2347215,-100.8782139
"06837000",31701.6,40.18777778,-100.6186111
"06838000",2123.8,40.2347222,-100.5008333
"06842500",2331,40.37166667,-100.2222222
"06843500",37451.4,40.28444444,-100.1436111
"06844500",40352.2,40.13166667,-99.5025
"06845200",3885,40.04583999,-99.8904005
"06847000",5387.2,40.1200068,-99.8934566
"06847500",9945.6,40.1183333,-99.5169444
"06849500",53923.8,40.0783333,-99.1686111
"06853000",57083.6,40.06888889,-98.3736111
"06853020",57239,40.06416667,-98.3308333
"06880500",2867.13,40.90305556,-97.1116667
"06880800",3087.28,40.7311177,-97.1775413
"06881000",7018.9,40.59666667,-96.9605556
"06882000",11517.73,40.0447222,-96.5872222
"06883000",2548.56,40.3325,-98.0669444
"06883570",4032.63,40.20694444,-97.3886111
"06884000",6086.5,40.1464722,-97.2007222
"09415190",15255.1,36.728863,-114.2274714
"09416000",10214.96,36.7110817,-114.6952715
"09418500",4325.3,37.55837778,-114.5630556
"09419000",18243.96,36.64302844,-114.5397075
"09419658",2131.57,36.14636168,-115.0527758
"09419700",5503.75,36.08747539,-114.9858276
"09419753",5646.2,36.100375,-114.9433194
"09419756",5672.1,36.10247588,-114.934437
"09419800",5679.87,36.12219816,-114.904992
"09421500",444703,36.01525847,-114.7385936
"09423000",448847,35.19166556,-114.5721876
"10293500",2849,38.81371389,-119.0479917
"10300000",2496.76,38.8096366,-119.227377
"10300600",6216,38.92125,-119.1915833
"10301500",6734,39.1524611,-119.0988889
"10301600",6993,39.1032533,-118.929317
"10301745",7182.07,39.01353135,-118.8609803
"10302002",7290.85,38.94019785,-118.8037557
"10311000",2294.74,39.10768747,-119.7132334
"10311400",2481.22,39.18137778,-119.6948694
"10312000",3372.18,39.29166667,-119.311111
"10312150",4664.59,39.4639361,-119.0462583
"10317500",2149.7,41.17875278,-115.492575
"10318500",7197.61,40.93655556,-115.6241667
"10319900",2325.82,40.6274972,-115.7305222
"10320000",2978.5,40.6849236,-115.8134002
"10320500",3392.9,40.72353367,-115.8300682
"10321000",11162.9,40.72769715,-116.009242
"10322500",13087.27,40.60741747,-116.2017444
"10323425",19347.3,40.7054675,-116.5309216
"10323500",19399.1,40.67907858,-116.6467582
"10324500",2237.1125,40.83040556,-116.5883417
"10325000",29008,40.6676885,-116.9312118
"10327500",31649.8,40.99212549,-117.3176168
"10329000",2667.7,41.4158222,-117.373511
"10333000",40155.1787,40.6924048,-118.204312
"10335000",41699,40.4674063,-118.3076469
"10336000",42994,40.0521327,-118.46709
"10347460",2680.65,39.50713218,-119.931864
"10348000",2763.53,39.53018865,-119.7954684
"10348200",2771.3,39.51761667,-119.7416444
"10350000",3706.29,39.5204672,-119.7010198
"10350400",4118.1,39.5645,-119.5203778
"10351600",4340.84,39.58463448,-119.4412872
"10351650",4475.52,39.63213447,-119.2832254
"10351700",4731.93,39.7773722,-119.3375222
"10353500",2849,41.77489345,-117.8051426
"13105000",3628.59,41.9447222,-114.688611
"13177800",2797.2,41.79989765,-116.4842728
"01053500",2709.14,44.7825,-71.1286111
"01054000",3524.99,44.4358333,-71.19027778
"01081500",3903.13,43.42285456,-71.6528543
"01092000",8008.28,42.9481405,-71.4634002
"01129500",2069.41,44.74977166,-71.63120018
"01131500",3921.26,44.4100591,-71.7206438
"01144500",10598.28,43.64618187,-72.3123134
"01154500",14226.87,43.12618905,-72.4367549
"01403060",2033.15,40.5511111,-74.5483333
"01446500",11745.65,40.82638889,-75.0825
"01463500",17560.2,40.22166667,-74.7780556
"07211000",2672.88,36.3603112,-104.5986002
"07211500",7381.5,36.29756944,-104.4954722
"07221000",2859.36,35.8003243,-104.7833122
"07221500",15578.85,35.6548333,-104.3786111
"07226500",4527.32,35.43852778,-103.5257944
"07227000",28855.19,35.35,-103.3997222
"07227100",2035.74,35.3443861,-103.3896056
"08263500",21859.6,36.74001667,-105.6834417
"08268700",22688.4,36.53446658,-105.710012
"08276500",25200.7,36.3200333,-105.7544444
"08279500",26936,36.20555556,-105.9639722
"08281100",27324.5,36.0569671,-106.0822456
"08285500",2271.43,36.5803833,-106.7247667
"08286500",4144,36.3188222,-106.5995306
"08287000",5560.73,36.2372222,-106.4174167
"08290000",8142.96,36.07355556,-106.1116944
"08313000",37037,35.8745,-106.1424444
"08317400",38591,35.618,-106.3239444
"08319000",41699,35.4445833,-106.4398333
"08329000",2688.42,35.39041667,-106.5346111
"08329928",44573.9,35.182,-106.6519444
"08330000",45169.6,35.08916667,-106.6806944
"08332010",49805.7,34.4170091,-106.800581
"08340500",3600.1,35.59225,-107.1894444
"08343000",2641.8,35.15448197,-107.8703359
"08343500",5957,35.0744111,-107.7511139
"08351500",7272.72,34.9681024,-107.1869837
"08352500",14809.62,34.79394299,-106.9894774
"08353000",16671.83,34.41027778,-106.8544444
"08354000",3574.2,34.29728834,-106.900306
"08354900",69334.3,34.25638889,-106.8908333
"08358400",71743,33.6790833,-106.997
"08359500",73815,33.38618184,-107.1630872
"08361000",76275.5,33.1485111,-107.2067833
"08362500",79513,32.8849111,-107.2926972
"08379500",2719.5,35.17866944,-105.1088028
"08382600",6034.7,35.09138889,-104.8005556
"08382650",6060.6,35.05944444,-104.7611111
"08382830",6293.7,35.02416667,-104.6888889
"08383000",6863.5,34.9433921,-104.6991562
"08383500",10282.3,34.7300833,-104.5249111
"08384500",11370.1,34.60405556,-104.3879167
"08385522",15301.72,34.3322222,-104.1811111
"08385630",17215.73,34.0633333,-104.3066667
"08386000",29474.2,33.57185556,-104.3736028
"08390500",2452.73,33.34916667,-104.8516667
"08390800",2494.17,33.29986944,-104.721675
"08394500",2413.88,33.1251075,-104.3449634
"08395500",38228.4,32.98863056,-104.3239556
"08396500",39627,32.8408611,-104.3238333
"08398500",2745.4,32.7434472,-104.4141306
"08399500",49632.17,32.689375,-104.2992194
"08401000",44004.1,32.59455946,-104.350236
"08401500",45713.5,32.54318889,-104.3711
"08402000",46568.2,32.51122778,-104.3332889
"08404000",46827.2,32.48085556,-104.2629806
"08405200",48044.5,32.409275,-104.2149722
"08406500",49702.1,32.20754167,-104.023875
"08407000",49883.4,32.18853056,-103.9793861
"08407500",50608.6,32.07519167,-104.0394361
"08480595",5006.47,33.27555556,-106.3972222
"09355500",8443.4,36.80188889,-107.6986389
"09364500",3522.4,36.7225,-108.20175
"09365000",18751.6,36.72301667,-108.2255889
"09368000",33411,36.77666667,-108.6830556
"09386950",2196.32,35.10027778,-108.7516667
"09430500",4827.76,33.06150278,-108.5373861
"09431500",7327.11,32.72694444,-108.6755556
"09432000",8295.77,32.64630833,-108.8468472
"09443000",4004.14,33.36811687,-108.9103424
"09444000",4281.27,33.24716667,-108.88
"01315500",2051.28,43.7008611,-73.9831944
"01318500",4309.76,43.31905556,-73.8443056
"01325000",2732.45,43.31138889,-73.8672222
"01327750",7277.9,43.26938889,-73.5958333
"01331095",9772.07,42.93555556,-73.6516667
"01335754",11926.95,42.82916667,-73.6661111
"01347000",3475.78,43.0147222,-74.7794444
"01351500",2294.74,42.80002778,-74.26277778
"01357500",8935.5,42.78538889,-73.70777778
"01358000",20953.1,42.7522222,-73.68888889
"01421000",2030.56,41.97327778,-75.1747222
"01428500",5231.8,41.50875,-74.9860556
"01500500",2543.38,42.3215,-75.31638889
"01503000",5780.88,42.03555556,-75.80227778
"01512500",3840.97,42.21805556,-75.84813889
"01513500",10207.19,42.09166667,-76.05652778
"01526500",3566.43,42.1211111,-77.1291667
"01529950",5195.54,42.14641667,-77.0575
"01531000",6490.54,42.0022222,-76.6347222
"03011020",4164.72,42.1568333,-78.7155556
"04216000",682983,42.87777778,-78.91638889
"04223000",2548.56,42.57027778,-78.0422222
"04227500",3688.16,42.76666667,-77.83888889
"04228500",4351.2,42.9227222,-77.7574167
"04231600",6407.66,43.1417222,-77.6163056
"04232000",6428.38,43.18088889,-77.6283056
"04237496",8106.7,43.1623333,-76.3626944
"04237500",8127.42,43.15694444,-76.3316667
"04237575",8174.04,43.12780556,-76.25675
"04247000",3727.01,43.2053611,-76.21777778
"04247055",12828.27,43.21116667,-76.2871111
"04249000",13209,43.45166667,-76.50527778
"04260500",4827.76,43.9858333,-75.9246111
"04263000",2553.74,44.5994444,-75.37888889
"04264331",773892,45.0061111,-74.795
"04267500",2426.83,44.5098333,-74.8836111
"04268000",2913.75,44.83888889,-74.97888889
"02071000",2727.27,36.4125,-79.8261111
"02080500",21714.56,36.46,-77.6336111
"02081000",22457.89,36.20916667,-77.38388889
"02082506",2012.43,35.90055556,-77.8655556
"02082585",2395.75,35.9547222,-77.7872222
"02083500",5653.97,35.89444444,-77.5330556
"02087500",2978.5,35.6472222,-78.4052778
"02087570",3123.54,35.5125,-78.3494444
"02089000",6213.41,35.3375,-77.9975
"02089500",6972.28,35.25777778,-77.5855556
"02096960",3302.25,35.76527778,-79.1358333
"02097000",3392.9,35.7020934,-79.0864023
"02098200",4374.51,35.6504285,-79.0661259
"02102000",3714.06,35.62694444,-79.1161111
"02102500",8971.76,35.4061111,-78.8133333
"02105500",12566.68,34.83555556,-78.8236111
"02105769",13610.45,34.40444444,-78.2936111
"02112250",2242.94,36.24103889,-80.8491
"02115360",4387.46,36.1328861,-80.445275
"02116500",5905.2,35.85666667,-80.3869444
"02126000",3574.2,35.1569972,-80.1657722
"02129000",17775.17,34.9458333,-79.8697222
"02134500",3180.52,34.4425,-78.9602778
"02151500",2266.25,35.2108333,-81.6975
"03451500",2447.55,35.60888889,-82.5780556
"03453500",3449.88,35.78638889,-82.6608333
"05051522",11137,46.65968548,-96.7959154
"05051700",2473.45,46.12496149,-97.3614813
"05053000",5387.2,46.4705168,-96.7823018
"05054000",17612,46.861075,-96.7836924
"05056000",5361.3,47.8055534,-98.7162172
"05056400",4195.8,48.1777762,-99.2212455
"05057000",16757.3,47.43277097,-98.0275954
"05058000",19347.3,47.0338718,-98.0837077
"05058500",20227.9,46.91555556,-98.0105556
"05058700",21212.1,46.4469123,-97.6792652
"05059000",22792,46.63163288,-97.000643
"05059300",22895.6,46.74638889,-96.9269444
"05059500",22973.3,46.8910784,-96.9070286
"05059700",2183.37,46.6216388,-97.5739851
"05060000",3755.5,46.8660826,-97.106477
"05060100",3833.2,46.9052487,-97.052587
"05064500",56462,47.351918,-96.843691
"05066500",3115.77,47.40942385,-97.0611974
"05082500",77959,47.9269234,-97.0292435
"05092000",90132,48.5722064,-97.1475697
"05099600",8676.5,48.9133284,-97.9170369
"05100000",8831.9,48.9897138,-97.5570221
"05113600",4636.1,48.98106266,-103.076709
"05114000",23154.6,48.98995719,-101.9583348
"05116000",24527.3,48.3722357,-101.5054414
"05116500",2432.01,48.37056947,-101.5701633
"05117500",27454,48.2458428,-101.3712745
"05120000",29267,48.15972928,-100.7295863
"05122000",31857,48.50555109,-100.4348534
"05123400",3004.4,48.5877399,-100.4416083
"05123510",2525.25,48.58412696,-100.8627348
"05124000",43771,48.9964079,-100.9584889
"06331000",2266.25,48.2844683,-103.5729718
"06332000",2020.2,48.37555556,-102.7672222
"06335500",12017.6,46.29777778,-103.9175
"06336000",16032.1,46.9180722,-103.5303444
"06337000",21522.9,47.59140556,-103.2526667
"06338490",469826,47.5022218,-101.4309953
"06339500",3185.7,47.1543948,-102.0599856
"06340500",5801.6,47.2852816,-101.6221093
"06342500",482776,46.81416667,-100.8213889
"06345500",3211.6,46.74555556,-102.3083333
"06345780",3962.7,46.6569506,-102.0793279
"06346500",4428.9,46.5972286,-101.8018145
"06348000",7122.5,46.61027956,-101.3820894
"06348300",7588.7,46.7033333,-101.2136111
"06349000",8572.9,46.8338827,-100.9745789
"06349500",4351.2,46.79443787,-100.6573459
"06351000",2952.6,46.3583383,-102.0420978
"06352500",3470.6,46.0319492,-101.8323613
"06353000",4532.5,46.09166988,-101.333742
"06354000",10619,46.3761111,-100.9344444
"06468170",2745.4,47.5580525,-98.862885
"06468250",3108,47.3997189,-98.7976057
"06470000",7303.8,46.8897222,-98.6816667
"06470500",11370.1,46.35552489,-98.3045433
"06470878",14193.2,45.9363579,-98.1742692
"03097550",2211.86,41.17255756,-80.75702408
"03098000",2325.82,41.1111691,-80.6728537
"03098600",2533.02,41.10505807,-80.6625755
"03099500",2779.07,41.03672598,-80.5361815
"03122500",3638.95,40.5297862,-81.4298369
"03129000",6327.37,40.2614593,-81.6090097
"03136000",2455.32,40.51478548,-82.1954356
"03138500",3897.95,40.34145696,-82.0654213
"03140500",12584.81,40.24840465,-81.872909
"03143500",2180.78,40.15951555,-81.8473527
"03144500",15521.87,40.12034687,-81.9995802
"03150500",20582.73,39.5450731,-81.6404066
"03159510",2478.63,39.32757375,-82.0048635
"03221646",2719.5,39.98916667,-83.0677778
"03230000",6832.42,39.63339585,-82.962403
"03230700",8332.03,39.60145128,-82.9551804
"03231500",9968.91,39.34145297,-82.9710126
"03234000",2090.13,39.2636763,-83.16685208
"03234300",2942.24,39.3203421,-82.9782349
"03237020",15115.24,39.07006954,-83.0196224
"03262500",2242.94,40.1508844,-84.2288333
"03262700",2398.34,40.04033169,-84.1977209
"03263000",2975.91,39.87450176,-84.16188479
"03270500",6503.49,39.7653365,-84.1974405
"03271500",7021.49,39.6445028,-84.2896639
"03271620",7062.93,39.563114,-84.3049408
"03272100",8117.06,39.5198861,-84.4126778
"03274000",9401.7,39.3911674,-84.572169
"04183500",5514.11,41.19893889,-84.7444033
"04191500",6003.62,41.23754895,-84.3991137
"04192500",14361.55,41.2919928,-84.2810573
"04193500",16394.7,41.5000526,-83.7127145
"04197137",2501.94,41.11416667,-83.1797222
"04198000",3240.09,41.3078307,-83.1588088
"04208504",2040.92,41.46255164,-81.680963
"07148140",120033.55,36.6933717,-96.930314
"07148350",2217.04,36.96169595,-98.7823116
"07148400",2543.38,36.81503056,-98.6481395
"07150500",8293.18,36.75252938,-98.1289547
"07151000",11577.3,36.6719792,-97.3094887
"07152000",4858.84,36.8114211,-97.277265
"07152500",140398.72,36.50421677,-96.7283672
"07154500",3128.72,36.92668707,-102.9590954
"07157950",31610.95,36.85197484,-99.315387
"07158000",34703.41,36.51725644,-98.8795366
"07159100",40945.31,35.95170756,-97.9144994
"07160000",44045.54,35.9206023,-97.4258746
"07161000",46236.68,35.9575563,-97.031975
"07161450",46923.03,35.9858927,-96.9122504
"07164500",192851.4,36.14064807,-96.0063866
"07165570",195008.87,35.82277778,-95.6377778
"07171000",9282.56,36.85119615,-95.5860882
"07171400",11238.01,36.42065028,-95.6844255
"07174400",3545.71,36.75564425,-95.9722064
"07174500",3794.35,36.7450891,-95.960262
"07174700",4540.27,36.64064595,-95.934153
"07175500",5014.24,36.5089816,-95.8419306
"07176000",16708.09,36.3075,-95.6997222
"07177600",2504.53,36.24925896,-95.9433287
"07178000",2634.03,36.24870534,-95.867213
"07178600",20489.49,36.16426519,-95.619979
"07185000",15348.34,36.92868144,-94.9574574
"07188000",6516.44,36.93451148,-94.7471711
"07191500",29992.2,36.2295379,-95.182741
"07196090",2136.75,36.1042527,-94.7827283
"07196500",2460.5,35.9255472,-94.9217028
"07198000",4182.85,35.5731511,-95.0688458
"07229100",67109.49,35.08201478,-97.3814186
"07229200",65770.46,35.01396104,-97.3475281
"07231000",2299.92,34.9653615,-96.5125113
"07231500",71010.03,34.97786698,-96.2436172
"07232250",2276.61,36.6297466,-102.6815815
"07232500",5540.01,36.72141497,-101.4896047
"07233650",3918.67,36.54391674,-101.0809905
"07235600",3773.63,36.32666667,-99.7611111
"07236000",4206.16,36.39920437,-99.6231707
"07237000",4504.01,36.5667017,-99.5517805
"07237500",30776.97,36.43670336,-99.2784383
"07239200",32872.28,35.84504365,-98.4653524
"07239300",33729.57,35.8119886,-98.4209053
"07239500",34491.03,35.56310656,-97.9575498
"07241000",34946.87,35.47866848,-97.6633752
"07241500",34586.86,35.49450514,-97.4280923
"07241550",35677.25,35.5003412,-97.1939194
"07241800",36272.95,35.33312675,-96.8694661
"07242000",37681.91,35.2656454,-96.2061167
"07245000",122462.97,35.26231927,-95.2371891
"07246500",372258.11,35.3497222,-94.7711111
"07248500",2571.87,34.93759954,-94.715228
"07249413",4623.15,35.16565268,-94.6530016
"07300500",3765.86,34.85839374,-99.5087007
"07301110",5135.97,34.47896485,-99.38231
"07303000",7334.88,34.88950479,-99.307028
"07303500",2170.42,34.92672485,-99.5003669
"07305000",11810.4,34.6381266,-99.103691
"07307028",12975.9,34.50702089,-99.2081389
"07315500",74392.57,33.8787106,-97.9344798
"07316000",79585.52,33.7278833,-97.1600129
"07316500",2007.25,35.62643705,-99.6684386
"07324200",3540.53,35.65643696,-99.3062086
"07324400",3952.34,35.5389379,-99.1698128
"07325000",5078.99,35.5308832,-98.9670296
"07326500",9427.6,35.08422846,-98.2433849
"07328000",12188.54,34.97256768,-97.8469852
"07328100",12349.12,34.92590298,-97.7739273
"07331000",18575.48,34.23342725,-96.9758447
"07332000",103022.43,33.8184355,-96.5233252
"07334000",2820.51,34.27148539,-95.9122049
"07335300",5858.58,34.02676714,-95.7502479
"07335500",115112.55,33.8751049,-95.5019023
"07336200",2924.11,34.24871203,-95.6052475
"07336500",3685.57,34.20065806,-95.4844085
"07338500",3180.52,33.94122094,-94.7585482
"07339000",2072,34.04177757,-94.6199358
"10393500",2419.06,43.7151478,-119.177442
"11493500",3341.1,42.739925,-121.8345167
"11501000",4053.35,42.58430556,-121.8483333
"11502500",7847.7,42.564375,-121.8797139
"11507500",9867.9,42.22347795,-121.7941708
"11509500",10152.8,42.13319946,-121.9622313
"11510700",10567.2,42.0845877,-122.0733453
"13181000",20720,42.86638889,-117.6491667
"13183000",28904.4,43.65444444,-117.2558333
"13214000",2356.9,43.7846025,-118.3315873
"13215000",2849,43.57444444,-118.2097222
"13220000",7795.9,43.8993255,-117.5079635
"13233300",10049.2,43.9875,-117.2188889
"13275000",2830.87,44.35821698,-117.2732357
"13286700",3392.9,44.77766079,-117.2926855
"13290000",188552,44.96055556,-116.8533333
"13290450",189847,45.2544444,-116.6969444
"13323500",3237.5,45.51236085,-117.9274345
"13332500",6617.45,45.72653386,-117.7840927
"13333000",8482.25,45.9457019,-117.4510089
"14019200",554260,45.93268257,-119.2965915
"14026000",3315.2,45.67763069,-119.0344457
"14033500",5931.1,45.9029103,-119.3269618
"14040500",4351.2,44.5206992,-119.6260938
"14046000",6526.8,44.8137582,-119.4316565
"14046500",13183.1,44.7937468,-120.006677
"14048000",19632.2,45.5876278,-120.4094919
"14063000",2224.81,43.6890102,-121.5028029
"14064500",4555.81,43.93011715,-121.4119746
"14070500",4918.41,44.08289525,-121.30781
"14076500",7005.95,44.4987293,-121.3211558
"14079500",5594.4,44.11652435,-120.2511033
"14080500",6993,44.1131815,-120.7955699
"14087400",11802.63,44.4923407,-121.298377
"14092500",20253.8,44.72595225,-121.2469939
"14103000",27195,45.6220678,-120.9056203
"14105700",613830,45.60827778,-121.1899167
"14148000",2393.16,43.80123517,-122.5608879
"14150000",2592.59,43.9456815,-122.8372967
"14152000",3470.6,43.99818166,-122.9059126
"14162500",2408.7,44.1248487,-122.47062
"14163150",2667.7,44.123738,-122.6275715
"14163900",2799.79,44.0698492,-122.7711874
"14165500",3462.83,44.11305556,-123.0469722
"14166000",8857.8,44.27040126,-123.1737036
"14174000",12535.6,44.6387328,-123.1067616
"14189000",4636.1,44.7147222,-123.01425
"14191000",18855.2,44.9442863,-123.0428742
"14198000",21756,45.2990086,-122.7512055
"14211000",2416.47,45.3931766,-122.532868
"14211720",29008,45.5175,-122.6691667
"14246900",665371,46.18122136,-123.1834539
"14312000",4325.3,43.13317169,-123.3984053
"14319500",3480.96,43.27096667,-123.4115444
"14321000",9538.97,43.5859502,-123.5553727
"14337600",2429.42,42.6554035,-122.7150408
"14339000",3146.85,42.5248471,-122.8428203
"14359000",5317.27,42.43734597,-122.9872678
"14361500",6368.81,42.43039607,-123.3178365
"14372300",10202.01,42.5784422,-124.0581443
"14378200",2558.92,42.54948056,-124.0667222
"01427510",4713.8,41.75675,-75.0574167
"01434000",7966.84,41.3705833,-74.69713889
"01438500",9013.2,41.30916667,-74.79527778
"01451000",2302.51,40.7570395,-75.60296388
"01453000",3312.61,40.6153761,-75.3787914
"01454700",3519.81,40.6692656,-75.23628808
"01471510",2279.2,40.3353611,-75.9368333
"01472000",2970.73,40.2417631,-75.6515752
"01474500",4902.87,39.9678905,-75.1885123
"01515000",12362.07,41.98494444,-76.50125
"01531500",20194.23,41.76535278,-76.4407743
"01533400",22584.8,41.60729826,-76.0502031
"01536500",25796.4,41.2509149,-75.8807518
"01540500",29059.8,40.95814218,-76.6191222
"01542500",3786.58,41.11755906,-78.108896
"01545500",7705.25,41.32367797,-77.7499869
"01549700",2444.96,41.273683,-77.32414028
"01551500",14716.38,41.23611599,-76.996608
"01553500",17733.73,40.96750719,-76.8763277
"01554000",47397,40.8345293,-76.8266349
"01559000",2113.44,40.4847958,-78.01889269
"01563000",2478.63,40.42646376,-78.0294482
"01563200",2486.4,40.42896398,-77.9911135
"01563500",5257.7,40.39229876,-77.93499988
"01567000",8686.86,40.47841677,-77.1291484
"01570500",62419,40.25481164,-76.8860846
"01576000",67314.1,40.0545413,-76.5307992
"03012550",5646.2,41.84144917,-79.0119846
"03012600",5757.57,41.82450438,-79.1189322
"03015000",2113.44,41.9381145,-79.133101
"03015310",8109.29,41.8439485,-79.1497668
"03016000",9479.4,41.5708949,-79.4078243
"03023100",2040.92,41.63255476,-80.1595043
"03024000",2662.52,41.43755525,-79.9558912
"03025500",15493.38,41.3895027,-79.8203322
"03029500",2090.13,41.3306189,-79.2089298
"03030500",2463.09,41.19256259,-79.440045
"03030852",3012.17,41.1297847,-79.5542134
"03031000",3227.14,41.1492285,-79.6600487
"03031500",19867.89,41.10061789,-79.68116
"03036500",23240.07,40.82034197,-79.531434
"03044000",3517.22,40.4545117,-79.3908724
"03048500",4726.75,40.6045099,-79.5519887
"03049500",29551.9,40.6152958,-79.7183667
"03072500",11414.13,39.7875775,-79.9236677
"03072655",11499.6,39.8250275,-79.9228206
"03075070",13830.6,40.26224454,-79.9011517
"03081000",2665.11,39.8275767,-79.3725353
"03082500",3434.34,40.01752778,-79.5932222
"03083500",4441.85,40.2402222,-79.8066944
"03085000",19002.83,40.39113189,-79.8580943
"03086000",50505,40.5491864,-80.20560508
"03105500",5788.65,40.88867389,-80.3370083
"03107500",8044.54,40.763351,-80.31505239
"02110500",2874.9,33.9126719,-78.7150175
"02110704",3729.6,33.8326111,-79.0437222
"02130561",20150.2,34.60626798,-79.7883963
"02131000",22869.7,34.20432518,-79.5483896
"02132000",2667.7,34.05154846,-79.7539545
"02135000",7226.1,34.05675,-79.2477222
"02136000",3242.68,33.66225,-79.83613889
"02146000",7899.5,34.98486935,-80.9739658
"02147000",9142.7,34.8526464,-80.8681286
"02147020",9168.6,34.83625705,-80.879518
"02148000",13131.3,34.24459385,-80.6539697
"02148315",14478.1,33.82848933,-80.6203645
"02153551",4014.5,35.0312419,-81.492591
"021564493",7096.6,34.66305556,-81.4472222
"02156500",7200.2,34.5951393,-81.4212089
"02161000",12406.1,34.24320335,-81.319541
"02162035",13545.7,34.0483333,-81.0733333
"02166501",3030.3,34.16763036,-81.9078923
"02167500",4214.2667,34.1829138,-81.7267757
"02168504",6267.8,34.0509822,-81.2095418
"02169000",6526.8,34.0140416,-81.0878717
"02169500",20331.5,33.99320985,-81.049815
"02170500",38073,33.38766569,-80.1400842
"02171500",38073,33.45377778,-80.1413611
"02171650",38591,33.4015557,-79.854797
"02172002",38332,33.21491667,-79.9749167
"02173051",2090.13,33.33710079,-81.018708
"02187000",2657.34,34.4862145,-82.8290288
"02187252",5413.1,34.35427214,-82.8151378
"02189000",7448.84,34.070949,-82.64152248
"02196484",18518.5,33.5518015,-82.0384503
"02197320",21004.9,33.21709215,-81.7676135
"05050000",3004.4,45.86246018,-96.573958
"06334500",5112.66,45.5481343,-103.9712386
"06354860",5252.52,45.81443669,-100.1081745
"06355500",3108,45.80222,-102.3623795
"06356500",3382.54,45.6486883,-102.6433259
"06357500",7746.69,45.7563845,-102.1959888
"06357800",13768.44,45.65777405,-100.8181933
"06359500",6713.28,45.19775826,-102.1565472
"06360500",12662.51,45.2558171,-100.8429214
"06395000",18572.89,43.3055286,-103.8210312
"06400000",2483.81,43.2399736,-103.5882519
"06400500",22582.21,43.30525297,-103.5624182
"06401500",23561.23,43.34497757,-103.4371412
"06402600",25361.28,43.5019636,-103.0744103
"06423500",32838.61,44.08109849,-102.4012746
"06428500",8370.88,44.74887406,-104.0516018
"06433000",2400.93,44.66720665,-103.8393696
"06436000",11655,44.6908178,-103.7376985
"06437000",15016.82,44.5130418,-103.1368464
"06438000",18140.36,44.369989,-102.5665256
"06438500",55299.09,44.5294304,-101.9301531
"06439000",3131.31,44.74304495,-102.0534948
"06439300",61041.12,44.59970657,-101.4979254
"06439500",62768.65,44.69637199,-101.2173711
"06441000",3796.94,44.0672095,-101.1608623
"06441500",8150.73,44.32664897,-100.3843003
"06445685",3540.53,43.013036,-102.8357327
"06445700",3693.34,43.08970356,-102.7982327
"06446000",5584.04,43.25484357,-102.8273511
"06447000",12846.4,43.7524949,-101.5248665
"06449300",2359.49,43.26305967,-100.9176459
"06449500",2675.47,43.3255586,-100.8837556
"06450500",4011.91,43.60138549,-100.7498608
"06452000",25679.85,43.74832745,-99.5564948
"06453000",682465,43.0649947,-98.5534157
"06464500",2924.11,43.0270872,-99.780921
"06467500",723905,42.86610887,-97.3939479
"06471000",14739.69,45.6035795,-98.3103756
"06471500",3897.95,45.6560866,-98.4970402
"06472000",22740.2,45.24163936,-98.3914819
"06472500",2061.64,45.27024655,-98.2881487
"06473000",25154.08,44.99830768,-98.480927
"06473500",4527.32,45.05108586,-98.737601
"06473700",6886.81,44.95914178,-98.5156502
"06474000",2913.75,44.7349779,-98.5862077
"06474500",3838.38,44.8833094,-98.5131505
"06475000",35964.74,44.91053097,-98.4720386
"06476000",41041.14,44.36359475,-98.199257
"06477000",45617.67,43.9738721,-98.070916
"06478000",49437.92,43.65887165,-97.9192403
"06478500",53540.48,43.1858255,-97.635622
"06478513",54291.58,42.9958297,-97.3697806
"06478600",2393.16,43.44525895,-97.1097788
"06479000",5493.39,42.9902983,-96.9636576
"06479010",5837.86,42.8172187,-96.9242106
"06479500",2087.54,44.94246436,-97.1461856
"06479525",2838.64,44.7315478,-97.0446518
"06480000",8645.42,44.1802473,-96.749496
"06481000",10170.93,43.79044595,-96.7456623
"06482000",12022.78,43.5010864,-96.748384
"06482020",12074.58,43.56700265,-96.7113274
"03410210",2087.54,36.47739057,-84.6693508
"03417000",2424.24,36.53728389,-85.4552455
"03424860",6526.8,36.1861111,-85.9044444
"03425000",27687.1,36.24810996,-85.95526519
"03426310",30233.07,36.29711845,-86.6586324
"03426500",30393.65,36.26340586,-86.67494109
"03430200",2419.06,36.1864446,-86.6327739
"03431790",33973.03,36.27055556,-87.0761111
"03435000",36682.17,36.32290298,-87.2282645
"03437000",42571.83,36.49060675,-87.8389122
"03455000",4812.22,35.98151389,-83.1612083
"03465500",2084.95,36.1764961,-82.457364
"03466500",3066.56,36.06562706,-82.86644949
"03467609",4372.956,36.126332,-83.1752965
"03469000",11766.37,35.95175596,-83.5512811
"03477000",2105.67,36.4773259,-82.26291309
"03490500",7433.3,36.47204104,-82.8471068
"03494000",8881.11,36.16768546,-83.5029788
"03495500",9704.73,36.0156395,-83.8315703
"03518000",4822.58,35.5089334,-84.0059379
"03527220",2988.86,36.57280708,-82.938754
"03528000",3817.66,36.425087,-83.3982345
"03543005",44832.9,35.62034945,-84.783277
"03556500",2942.24,35.18007549,-84.4432602
"03565000",5182.59,35.20924048,-84.6585472
"03566000",5951.82,35.29514804,-84.759955
"03568000",55426,35.08677555,-85.2784299
"03571850",58637.6,35.011469,-85.6974703
"03582000",2141.93,35.1345274,-86.5397166
"03584500",4620.56,35.02758336,-86.9477836
"03584600",4674.95,35.0142361,-86.9946574
"03599419",2665.11,35.5703492,-86.8713904
"03602000",5304.32,35.7879979,-87.4656671
"03603000",6622.63,35.93006336,-87.7430786
"07026000",4796.68,36.25117909,-89.1925686
"07026040",4856.25,36.2408294,-89.217644
"07028000",2597.77,35.86201858,-89.3478492
"07028100",2639.21,35.9292399,-89.3903502
"07029400",2167.83,35.05575957,-88.7993333
"07030000",5115.25,35.52285789,-89.3492375
"07030050",5977.72,35.63733496,-89.609455
"07031740",2040.92,35.1878666,-89.9756447
"07032000",2415952,35.12314616,-90.077592
"03410210",2087.54,36.47739057,-84.6693508
"03417000",2424.24,36.53728389,-85.4552455
"03424860",6526.8,36.1861111,-85.9044444
"03425000",27687.1,36.24810996,-85.95526519
"03426310",30233.07,36.29711845,-86.6586324
"03426500",30393.65,36.26340586,-86.67494109
"03430200",2419.06,36.1864446,-86.6327739
"03431790",33973.03,36.27055556,-87.0761111
"03435000",36682.17,36.32290298,-87.2282645
"03437000",42571.83,36.49060675,-87.8389122
"03455000",4812.22,35.98151389,-83.1612083
"03465500",2084.95,36.1764961,-82.457364
"03466500",3066.56,36.06562706,-82.86644949
"03467609",4372.956,36.126332,-83.1752965
"03469000",11766.37,35.95175596,-83.5512811
"03477000",2105.67,36.4773259,-82.26291309
"03490500",7433.3,36.47204104,-82.8471068
"03494000",8881.11,36.16768546,-83.5029788
"03495500",9704.73,36.0156395,-83.8315703
"03518000",4822.58,35.5089334,-84.0059379
"03527220",2988.86,36.57280708,-82.938754
"03528000",3817.66,36.425087,-83.3982345
"03543005",44832.9,35.62034945,-84.783277
"03556500",2942.24,35.18007549,-84.4432602
"03565000",5182.59,35.20924048,-84.6585472
"03566000",5951.82,35.29514804,-84.759955
"03568000",55426,35.08677555,-85.2784299
"03571850",58637.6,35.011469,-85.6974703
"03582000",2141.93,35.1345274,-86.5397166
"03584500",4620.56,35.02758336,-86.9477836
"03584600",4674.95,35.0142361,-86.9946574
"03599419",2665.11,35.5703492,-86.8713904
"03602000",5304.32,35.7879979,-87.4656671
"03603000",6622.63,35.93006336,-87.7430786
"07026000",4796.68,36.25117909,-89.1925686
"07026040",4856.25,36.2408294,-89.217644
"07028000",2597.77,35.86201858,-89.3478492
"07028100",2639.21,35.9292399,-89.3903502
"07029400",2167.83,35.05575957,-88.7993333
"07030000",5115.25,35.52285789,-89.3492375
"07030050",5977.72,35.63733496,-89.609455
"07031740",2040.92,35.1878666,-89.9756447
"07032000",2415952,35.12314616,-90.077592
