"Dates","Flow_cfs"
2012-01-19,20.2
2012-01-20,20.4
2012-01-21,19.4
2012-01-22,20
2012-01-23,19.7
2012-01-24,24.7
2012-02-03,597
2012-02-04,608
2012-02-05,570
2012-02-06,276
2012-02-07,33.4
2012-02-08,32.8
2012-02-09,311
2012-02-10,621
2012-02-11,311
2012-02-12,25.1
2012-02-13,25.7
2012-02-14,33.9
2012-02-15,122
2012-02-16,580
2012-02-17,463
2012-02-25,52.6
2012-02-26,38.7
2012-02-27,258
2012-02-28,567
2012-02-29,421
2012-03-01,151
2012-03-02,503
2012-03-03,39.2
2012-03-04,27.8
2012-03-05,148
2012-03-06,561
2012-03-07,37.1
2012-03-08,355
2012-03-09,541
2012-03-26,677
2012-03-27,664
2012-03-28,677
2012-03-29,657
2012-03-30,650
2012-03-31,658
2012-04-01,660
2012-04-02,647
2012-04-08,636
2012-04-09,326
2012-04-10,78
2012-07-18,39.6
2012-07-19,40.7
2012-07-20,36.7
2012-07-21,39.8
2012-07-22,36.2
2012-07-23,33.7
2012-07-24,34.9
2012-07-25,32.1
2012-07-26,33.8
2012-07-27,34
2012-07-28,30.5
2012-07-29,31.6
2012-07-30,26.4
2012-08-15,20
2012-08-16,20.2
2012-08-17,20.5
2012-08-18,22.3
2012-08-19,22.8
2012-08-20,18.3
2012-08-21,20.6
2012-08-22,20.3
2012-08-23,20
2012-08-24,18.1
2012-08-25,20.5
2012-08-26,20.3
2012-08-27,21.9
2012-08-28,18.1
2012-08-29,19.5
2012-08-30,18.6
2012-08-31,17.3
2012-09-01,8.73
2012-09-02,29.6
2012-09-03,24.6
2012-09-04,20.4
2012-09-05,20.3
2012-09-06,19.9
2012-09-07,22
2012-09-08,23.5
2012-09-09,20.1
2012-09-10,21.3
2012-09-11,18.9
2012-09-12,19.1
2012-09-13,23.2
2012-09-14,21.3
2012-09-15,21.8
2012-09-16,24.4
2012-09-17,22.7
2012-09-18,22.9
2012-09-19,7.13
2012-09-20,20.9
2012-09-21,27.5
2012-09-22,22.6
2012-09-23,22
2012-09-24,27.6
2012-09-25,23
2012-09-26,20.7
2012-09-27,20
2012-09-28,19.9
2012-09-29,23.4
2012-09-30,25
2012-10-01,25
2012-10-02,23.8
2012-10-03,21.3
2012-10-04,21.5
2012-10-05,20.8
2012-10-06,20.1
2012-10-07,21.9
2012-10-08,20.3
2012-10-09,21.5
2012-10-10,22.6
2012-10-11,18.1
2012-10-12,17.4
2012-10-13,16.8
2012-10-14,18
2012-10-15,16.3
2012-10-16,17.3
2012-10-17,16.7
2012-10-18,17.4
2012-10-19,16.4
2012-10-20,15.8
2012-10-21,18.2
2012-10-22,16
2012-10-23,17.2
2012-10-24,18.6
2012-10-25,18.5
2012-10-26,18.5
2012-10-27,16.2
2012-10-28,15.7
2012-10-29,18.2
2012-10-30,17
2012-10-31,18.6
2012-11-01,18.9
2012-11-02,19.4
2012-11-03,16.7
2012-11-04,16.1
2012-11-05,21.8
2012-11-06,18.3
2012-11-07,16.9
2012-11-08,19.7
2012-11-09,22.3
2012-11-10,19.2
2012-11-11,17.7
2012-11-12,19.8
2012-11-13,20.7
2012-11-14,17.5
2012-11-15,19.9
2012-11-16,20.6
2012-11-17,19.3
2012-11-18,19.3
2012-11-19,18.3
2012-11-20,50.5
2012-11-21,26.2
2012-11-22,24.9
2012-11-23,21.8
2012-11-24,25.5
2012-11-25,25.4
2012-11-26,22.6
2012-11-27,24.4
2012-11-28,25.3
2012-11-29,25.3
2012-11-30,26.9
2012-12-01,25.2
2012-12-02,24.5
2012-12-03,24.6
2012-12-04,28
2012-12-05,24.9
2012-12-06,24.3
2012-12-07,28.2
2012-12-08,27
2012-12-09,26.3
2012-12-10,24.4
2012-12-11,26
2012-12-12,24.2
2012-12-13,28.4
2012-12-14,26.3
2012-12-15,26.3
2012-12-16,27.9
2012-12-17,35.3
2012-12-18,27.3
2012-12-19,35.2
2012-12-20,30.8
2012-12-21,30.3
2012-12-22,31.8
2012-12-23,49.8
2012-12-24,17.7
2012-12-25,25.7
2012-12-26,29.7
2012-12-27,33.5
2012-12-28,30.6
2012-12-29,26.4
2012-12-30,28.8
2012-12-31,30.6
2013-01-01,28.4
2013-01-02,29
2013-01-03,30.8
2013-01-04,29.5
2013-01-05,28
2013-01-06,28.5
2013-01-07,27.7
2013-01-08,31.7
2013-01-09,51.1
2013-01-10,31.2
2013-01-11,29.7
2013-01-12,26.4
2013-01-13,29
2013-01-14,26.9
2013-01-15,28.5
2013-01-16,26.7
2013-01-17,26.8
2013-01-18,21.2
2013-01-19,32.5
2013-01-20,26.1
2013-01-21,19.4
2013-01-22,71.5
2013-01-23,15.8
2013-01-24,7.05
2013-01-25,16.8
2013-01-26,24.4
2013-01-27,25
2013-01-28,24.1
2013-01-29,28.9
2013-01-30,26.1
2013-01-31,25.3
2013-02-01,24.6
2013-02-02,24.7
2013-02-03,23.1
2013-02-04,22.4
2013-02-05,24
2013-02-06,25.6
2013-02-07,24.7
2013-02-08,21.5
2013-02-09,24.6
2013-02-10,27.4
2013-02-11,17.2
2013-02-12,34.6
2013-02-13,20.9
2013-02-14,31.4
2013-02-15,26.3
2013-02-16,26.6
2013-02-17,24.7
2013-02-18,26.5
2013-02-19,26
2013-02-20,26.7
2013-02-21,25.7
2013-02-22,25.1
2013-02-23,25.8
2013-02-24,24.2
2013-02-25,30
2013-02-26,24.9
2013-02-27,24.5
2013-02-28,24.8
2013-03-01,25.2
2013-03-02,24.2
2013-03-03,26.9
2013-03-04,22.8
2013-03-05,25.9
2013-03-06,21.5
2013-03-07,24.4
2013-03-08,25.5
2013-03-09,26.8
2013-03-10,27
2013-03-11,26.6
2013-03-12,14.5
2013-03-13,22.5
2013-03-14,21.1
2013-03-15,32.9
2013-03-16,25.3
2013-03-17,23.3
2013-03-18,9.66
2013-03-19,5.11
2013-03-20,3.61
2013-03-21,3.02
2013-03-22,49.8
2013-03-23,74.9
2013-03-24,29.1
2013-03-25,23.8
2013-03-26,24.1
2013-03-27,26.4
2013-03-28,24.8
2013-03-29,24.7
2013-03-30,27.5
2013-03-31,27
2013-04-01,24.1
2013-04-02,24.9
2013-04-03,73.9
2013-04-04,39.3
2013-04-05,34.5
2013-04-06,28.6
2013-04-07,27
2013-04-08,26.5
2013-04-09,28.5
2013-04-10,30.7
2013-04-11,28
2013-04-12,25.1
2013-04-13,24.8
2013-04-14,24.4
2013-04-15,25
2013-04-16,24.9
2013-04-17,24.8
2013-04-18,25.5
2013-04-19,29
2013-04-20,26.5
2013-04-21,24.3
2013-04-22,24.8
2013-04-23,24.5
2013-04-24,24.2
2013-04-25,24.5
2013-04-26,24.7
2013-04-27,23.9
2013-04-28,26.2
2013-04-29,24.5
2013-04-30,24.2
2013-05-01,24.6
2013-05-02,23.6
2013-05-03,23.8
2013-05-04,27.4
2013-05-05,26.5
2013-05-06,27.6
2013-05-07,25.2
2013-05-08,27.4
2013-05-09,27.5
2013-05-10,28.8
2013-05-11,25
2013-05-12,26.3
2013-05-13,23.4
2013-05-14,25.9
2013-05-15,26.5
2013-05-16,106
2013-05-17,44
2013-05-18,38.3
2013-05-19,38
2013-05-20,35.3
2013-05-21,37.5
2013-05-22,33.7
2013-05-23,37.8
2013-05-24,40.5
2013-05-25,39.3
2013-05-26,37.3
2013-05-27,35.9
2013-05-28,37.5
2013-05-29,34.4
2013-05-30,37
2013-05-31,35.6
2013-06-01,33.4
2013-06-02,35.9
2013-06-03,33.4
2013-06-04,35.2
2013-06-05,33.3
2013-06-06,35.1
2013-06-07,40
2013-06-08,32.1
2013-06-09,37.9
2013-06-10,39.6
2013-06-11,33.3
2013-06-12,34.5
2013-06-13,31.1
2013-06-14,33.6
2013-06-15,35.2
2013-06-16,32.2
2013-06-17,33.9
2013-06-18,34.7
2013-06-19,33
2013-06-20,34.9
2013-06-21,33.2
2013-06-22,34.1
2013-06-23,33.3
2013-06-24,30.7
2013-06-25,33.1
2013-06-26,31.2
2013-06-27,30.1
2013-06-28,31.7
2013-06-29,30.6
2013-06-30,31.5
2013-07-01,31.4
2013-07-02,30.1
2013-07-03,32.1
2013-07-04,31.4
2013-07-05,33.6
2013-07-06,32.3
2013-07-07,35.4
2013-07-08,31.3
2013-07-09,32.4
2013-07-10,29.2
2013-07-11,32.2
2013-07-12,32.4
2013-07-13,32.4
2013-07-14,35.8
2013-07-15,48.9
2013-07-16,41.2
2013-07-17,46.2
2013-07-18,43.3
2013-07-19,30.6
2013-07-20,32.3
2013-07-21,29.1
2013-07-22,27.6
2013-07-23,29.5
2013-07-24,26.4
2013-07-25,28.7
2013-07-26,29.6
2013-07-27,29.7
2013-07-28,29.6
2013-07-29,26.8
2013-07-30,29
2013-07-31,28.3
2013-08-01,27.9
2013-08-02,29.5
2013-08-03,26.8
2013-08-04,28.9
2013-08-05,27.4
2013-08-06,28.6
2013-08-07,28.8
2013-08-08,29.7
2013-08-09,31.5
2013-08-10,29.7
2013-08-11,30.4
2013-08-12,34.5
2013-08-13,34.2
2013-08-14,33.2
2013-08-15,31
2013-08-16,34
2013-08-17,33.4
2013-08-18,31.7
2013-08-19,19.2
2013-08-20,12.9
2013-08-21,14.8
2013-08-22,27.6
2013-08-23,49.5
2013-08-24,22.7
2013-08-25,11.1
2013-08-26,20
2013-08-27,25.2
2013-08-28,34.6
2013-08-29,115
2013-08-30,146
2013-08-31,27
2013-09-01,13.4
2013-09-02,9.62
2013-09-03,40.2
2013-09-04,20.4
2013-09-05,25.8
2013-09-06,25.2
2013-09-07,20.1
2013-09-08,9.89
2013-09-09,5.95
2013-09-10,9.93
2013-09-11,30.8
2013-09-12,76
2013-09-13,82.7
2013-09-14,22
2013-09-15,12.2
2013-09-16,13
2013-09-17,20.3
2013-09-18,20
2013-09-19,24
2013-09-20,33
2013-09-21,18.7
2013-09-22,11.8
2013-09-23,9.39
2013-09-24,9.48
2013-09-25,7.17
2013-09-26,13.7
2013-09-27,29.3
2013-09-28,26.7
2013-09-29,27
2013-09-30,24.4
2013-10-01,26.8
2013-10-02,24
2013-10-03,26.2
2013-10-04,27.6
2013-10-05,26.3
2013-10-06,25.2
2013-10-07,25.3
2013-10-08,21.2
2013-10-09,18.7
2013-10-10,12.4
2013-10-11,6.73
2013-10-12,12.6
2013-10-13,22.7
2013-10-14,28.9
2013-10-15,24.4
2013-10-16,22.3
2013-10-17,30.7
2013-10-18,23.1
2013-10-19,24.1
2013-10-20,24.8
2013-10-21,22.3
2013-10-22,23.6
2013-10-23,21.4
2013-10-24,22.6
2013-10-25,23.9
2013-10-26,23.4
2013-10-27,23.5
2013-10-28,20.6
2013-10-29,20.2
2013-10-30,17.1
2013-10-31,19.2
2013-11-01,17.8
2013-11-02,25.4
2013-11-03,20.3
2013-11-04,21.2
2013-11-05,19.4
2013-11-06,20.6
2013-11-07,19.3
2013-11-08,21.6
2013-11-09,20.4
2013-11-10,21
2013-11-11,22.1
2013-11-12,21.3
2013-11-13,10.9
2013-11-14,32.7
2013-11-15,25.4
2013-11-16,21.5
2013-11-17,22
2013-11-18,21.7
2013-11-19,23.8
2013-11-20,23.4
2013-11-21,21.8
2013-11-22,13.1
2013-11-23,8.13
2013-11-24,6.3
2013-11-25,7.36
2013-11-26,15.7
2013-11-27,21.3
2013-11-28,24.3
2013-11-29,48
2013-11-30,15.5
2013-12-01,11.8
2013-12-02,16
2013-12-03,17.1
2013-12-04,20.9
2013-12-05,28.3
2013-12-06,17.7
2013-12-07,21.5
2013-12-08,28.3
2013-12-09,28.3
2013-12-10,26.5
2013-12-11,29.5
2013-12-12,26
2013-12-13,25.3
2013-12-14,25.5
2013-12-15,26.5
2013-12-16,24.4
2013-12-17,26
2013-12-18,23.8
2013-12-19,27.6
2013-12-20,28.3
2013-12-21,64.9
2013-12-22,43.9
2013-12-23,29.5
2013-12-24,23.9
2013-12-25,12.4
2013-12-26,17.2
2013-12-27,29.2
2013-12-28,20.5
2013-12-29,34.3
2013-12-30,25.1
2013-12-31,29.3
2014-01-01,35.6
2014-01-02,21.1
2014-01-03,25.8
2014-01-04,27.3
2014-01-05,30.5
2014-01-06,19.4
2014-01-07,24.6
2014-01-08,26.6
2014-01-09,29.1
2014-01-10,29.8
2014-01-11,27.5
2014-01-12,33
2014-01-13,20.4
2014-01-14,25.3
2014-01-15,25.1
2014-01-16,26.2
2014-01-17,26.7
2014-01-18,26.2
2014-01-19,34.1
2014-01-20,19.1
2014-01-21,25.5
2014-01-22,26.7
2014-01-23,25.5
2014-01-24,28.5
2014-01-25,33.8
2014-01-26,29.9
2014-01-27,22.5
2014-01-28,31.1
2014-01-29,33
2014-01-30,22.2
2014-01-31,32.2
2014-02-01,30.6
2014-02-02,27.7
2014-02-03,27.2
2014-02-04,28.9
2014-02-05,28.3
2014-02-06,27.5
2014-02-07,33.3
2014-02-08,20.2
2014-02-09,23.5
2014-02-10,25.2
2014-02-11,27.4
2014-02-12,25.4
2014-02-13,19
2014-02-14,18.6
2014-02-15,8.11
2014-02-16,14.4
2014-02-17,11.3
2014-02-18,6.46
2014-02-19,13
2014-02-20,27.5
2014-02-21,79.1
2014-02-22,17.9
2014-02-23,6.52
2014-02-24,5.76
2014-02-25,21.8
2014-02-26,12.3
2014-02-27,83.7
2014-02-28,47.5
2014-03-01,13.6
2014-03-02,5.66
2014-03-03,16.8
2014-03-04,20.5
2014-03-05,27.3
2014-03-06,29.1
2014-03-07,35.1
2014-03-08,11.6
2014-03-09,5.12
2014-03-10,4.03
2014-03-11,4.29
2014-03-12,3.55
2014-03-13,8.47
2014-03-14,18
2014-03-15,16.9
2014-03-16,7.33
2014-03-17,88.4
2014-03-18,16.2
2014-03-19,23.1
2014-03-20,27
2014-03-21,22.8
2014-03-22,12.1
2014-03-23,13.9
2014-03-24,14.6
2014-03-25,16.2
2014-03-26,21.8
2014-03-27,20.1
2014-03-28,20.7
2014-03-29,16.8
2014-03-30,21.2
2014-03-31,24
2014-04-01,22.7
2014-04-02,23.1
2014-04-03,20.6
2014-04-04,23.3
2014-04-05,18.5
2014-04-06,24.7
2014-04-07,25.7
2014-04-08,23.9
2014-04-09,15.4
2014-04-10,14.3
2014-04-11,5.16
2014-04-12,10.3
2014-04-13,23
2014-04-14,22.8
2014-04-15,20.5
2014-04-16,20.2
2014-04-17,20
2014-04-18,20
2014-04-19,24
2014-04-20,23.2
2014-04-21,24.2
2014-04-22,22.9
2014-04-23,23.3
2014-04-24,25
2014-04-25,20.6
2014-04-26,18.2
2014-04-27,21.2
2014-04-28,21.5
2014-04-29,18.6
2014-04-30,20.2
2014-05-01,21.9
2014-05-02,15.2
2014-05-03,14.6
2014-05-04,23.3
2014-05-05,16.8
2014-05-06,14.8
2014-05-07,11.7
2014-05-08,15.9
2014-05-09,7.75
2014-05-10,3.32
2014-05-11,2.05
2014-05-12,4.13
2014-05-13,6.06
2014-05-14,4.31
2014-05-15,6.58
2014-05-16,13.6
2014-05-17,11.8
2014-05-18,13
2014-05-19,15.1
2014-05-20,12.7
2014-05-21,12.8
2014-05-22,13.3
2014-05-23,12.4
2014-05-24,14.9
2014-05-25,122
2014-05-26,27.3
2014-05-27,21
2014-05-28,27.2
2014-05-29,10.9
2014-05-30,6.44
2014-05-31,8.2
2014-06-01,16.6
2014-06-02,20.9
2014-06-03,17
2014-06-04,19.3
2014-06-05,17.8
2014-06-06,17.2
2014-06-07,14.9
2014-06-08,16.5
2014-06-09,30.1
2014-06-10,21.4
2014-06-11,18.5
2014-06-12,9.96
2014-06-13,4.93
2014-06-14,7
2014-06-15,14.6
2014-06-16,19.8
2014-06-17,17.1
2014-06-18,16.6
2014-06-19,15.5
2014-06-20,16.3
2014-06-21,16.6
2014-06-22,43
2014-06-23,633
2014-06-24,199
2014-06-25,113
2014-06-26,58.3
2014-06-27,39.2
2014-06-28,30.2
2014-06-29,24.6
2014-06-30,19.3
2014-07-01,13
2014-07-02,14.5
2014-07-03,24.5
2014-07-04,24.7
2014-07-05,21.2
2014-07-06,21
2014-07-07,19.6
2014-07-08,18.6
2014-07-09,18.9
2014-07-10,18.1
2014-07-11,17.3
2014-07-12,15.3
2014-07-13,17.7
2014-07-14,18
2014-07-15,16.4
2014-07-16,17.7
2014-07-17,18.9
2014-07-18,11.8
2014-07-19,12.7
2014-07-20,17.2
2014-07-21,17.3
2014-07-22,18.1
2014-07-23,16.1
2014-07-24,17.4
2014-07-25,17.7
2014-07-26,18.9
2014-07-27,18.4
2014-07-28,18.9
2014-07-29,18.7
2014-07-30,18.5
2014-07-31,20.5
2014-08-01,17.8
2014-08-02,18.2
2014-08-03,14.8
2014-08-04,14.2
2014-08-05,17.9
2014-08-06,19.2
2014-08-07,20.7
2014-08-08,20.6
2014-08-09,20.6
2014-08-10,19.7
2014-08-11,19.1
2014-08-12,22.1
2014-08-13,22.2
2014-08-14,22.3
2014-08-15,22.1
2014-08-16,21.3
2014-08-17,24.1
2014-08-18,21.1
2014-08-19,21.1
2014-08-20,18.1
2014-08-21,17.4
2014-08-22,15.4
2014-08-23,16.2
2014-08-24,14.4
2014-08-25,15.4
2014-08-26,13
2014-08-27,13.7
2014-08-28,14.4
2014-08-29,14.3
2014-08-30,13.5
2014-08-31,13.2
2014-09-01,14
2014-09-02,14
2014-09-03,13.4
2014-09-04,13.3
2014-09-05,12.9
2014-09-06,14.4
2014-09-07,14
2014-09-08,15.8
2014-09-09,16.8
2014-09-10,14.2
2014-09-11,13.5
2014-09-12,14.1
2014-09-13,13.9
2014-09-14,14.5
2014-09-15,15.7
2014-09-16,14.4
2014-09-17,15.1
2014-09-18,14.9
2014-09-19,15.6
2014-09-20,14.9
2014-09-21,14.5
2014-09-22,13.6
2014-09-23,14.1
2014-09-24,13.6
2014-09-25,14.4
2014-09-26,15.4
2014-09-27,15
2014-09-28,15.7
2014-09-29,15
2014-09-30,15
2014-10-01,16.5
2014-10-02,16.2
2014-10-03,14.2
2014-10-04,15
2014-10-05,14.9
2014-10-06,15.3
2014-10-07,14.7
2014-10-08,15
2014-10-09,14.7
2014-10-10,15
2014-10-11,18
2014-10-12,15.7
2014-10-13,13.2
2014-10-14,11.2
2014-10-15,14.3
2014-10-16,15.1
2014-10-17,15.8
2014-10-18,16.8
2014-10-19,15.5
2014-10-20,17.1
2014-10-21,13.5
2014-10-22,20.3
2014-10-23,17.1
2014-10-24,16.2
2014-10-25,15.7
2014-10-26,16.3
2014-10-27,17.2
2014-10-28,15.4
2014-10-29,15
2014-10-30,19.4
2014-10-31,16.6
2014-11-01,16.8
2014-11-02,16
2014-11-03,16.7
2014-11-04,19.8
2014-11-05,19
2014-11-06,17.2
2014-11-07,16.7
2014-11-08,16.2
2014-11-09,16.7
2014-11-10,18.5
2014-11-11,15.8
2014-11-12,16
2014-11-13,15.4
2014-11-14,14.5
2014-11-15,14.3
2014-11-16,15.7
2014-11-17,14
2014-11-18,16.8
2014-11-19,15.4
2014-11-20,14.9
2014-11-21,15.1
2014-11-22,17.6
2014-11-23,18.4
2014-11-24,16.2
2014-11-25,16.7
2014-11-26,15.7
2014-11-27,15.7
2014-11-28,16.5
2014-11-29,15.7
2014-11-30,15.6
2014-12-01,15.6
2014-12-02,16.2
2014-12-03,16.4
2014-12-04,14.8
2014-12-05,15.6
2014-12-06,14.8
2014-12-07,15.9
2014-12-08,15.2
2014-12-09,16.2
2014-12-10,15.8
2014-12-11,17.2
2014-12-12,15.4
2014-12-13,15.4
2014-12-14,15.8
2014-12-15,15.3
2014-12-16,8.5
2014-12-17,8.68
2014-12-18,14.5
2014-12-19,15.6
2014-12-20,15.9
2014-12-21,14.8
2014-12-22,15.3
2014-12-23,16.5
2014-12-24,16.3
2014-12-25,14.9
2014-12-26,14.2
2014-12-27,15.9
2014-12-28,15.7
2014-12-29,16.4
2014-12-30,15.9
2014-12-31,16.8
2015-01-01,16.4
2015-01-02,17.7
2015-01-03,11.8
2015-01-04,5.53
2015-01-05,3.78
2015-01-06,2.96
2015-01-07,6.84
2015-01-08,15.8
2015-01-09,16.4
2015-01-10,15.8
2015-01-11,17.9
2015-01-12,15.8
2015-01-13,16.1
2015-01-14,15.4
2015-01-15,14.1
2015-01-16,15.3
2015-01-17,15.8
2015-01-18,15.1
2015-01-19,16.2
2015-01-20,16.3
2015-01-21,16.6
2015-01-22,23.1
2015-01-23,11.1
2015-01-24,5.3
2015-01-25,3.75
2015-01-26,17.6
2015-01-27,11
2015-01-28,10.5
2015-01-29,13.6
2015-01-30,17.5
2015-01-31,16.5
2015-02-01,17.7
2015-02-02,17.5
2015-02-03,15.6
2015-02-04,17.6
2015-02-05,18.5
2015-02-06,17
2015-02-07,16.7
2015-02-08,17
2015-02-09,16.8
2015-02-10,15.3
2015-02-11,15.8
2015-02-12,15.8
2015-02-13,16.9
2015-02-14,16.5
2015-02-15,17.1
2015-02-16,16.7
2015-02-17,17.1
2015-02-18,16.6
2015-02-19,16.6
2015-02-20,16.2
2015-02-21,15.7
2015-02-22,17.6
2015-02-23,18.6
2015-02-24,16
2015-02-25,16
2015-02-26,12.6
2015-02-27,7.14
2015-02-28,5.34
2015-03-01,7.3
2015-03-02,12.7
2015-03-03,19.5
2015-03-04,30
2015-03-05,26.1
2015-03-06,31.7
2015-03-07,23.1
2015-03-08,14
2015-03-09,14.5
2015-03-10,21.3
2015-03-11,18.1
2015-03-12,13.9
2015-03-13,12
2015-03-14,15.8
2015-03-15,20.9
2015-03-16,21.6
2015-03-17,21.8
2015-03-18,26
2015-03-19,23.6
2015-03-20,14.5
2015-03-21,16.4
2015-03-22,17
2015-03-23,16.2
2015-03-24,13.1
2015-03-25,14.4
2015-03-26,19.2
2015-03-27,21
2015-03-28,19.6
2015-03-29,18.7
2015-03-30,21.3
2015-03-31,19.6
2015-04-01,19.7
2015-04-02,22.1
2015-04-03,27.5
2015-04-04,22.6
2015-04-05,28.1
2015-04-06,15.3
2015-04-07,8.08
2015-04-08,11.3
2015-04-09,20.3
2015-04-10,21.7
2015-04-11,17.2
2015-04-12,20.6
2015-04-13,17.8
2015-04-14,26.2
2015-04-15,23.1
2015-04-16,18.2
2015-04-17,41.3
2015-04-18,153
2015-04-19,89.3
2015-04-20,39.6
2015-04-21,21.8
2015-04-22,13.8
2015-04-23,10.4
2015-04-24,11.7
2015-04-25,41.4
2015-04-26,35.1
2015-04-27,88.5
2015-04-28,86.1
2015-04-29,51.8
2015-04-30,35.2
2015-05-01,19.3
2015-05-02,15.3
2015-05-03,11.4
2015-05-04,10.6
2015-05-05,10.7
2015-05-06,12.8
2015-05-07,21.8
2015-05-08,74
2015-05-09,50
2015-07-02,273
2015-07-03,575
2015-07-04,576
2015-07-05,478
2015-07-06,37.8
2015-07-18,582
2015-07-19,537
2015-07-20,551
2015-07-21,566
2015-07-22,345
2015-07-23,84.3
2015-07-24,569
2015-07-25,269
2015-07-26,17
2015-07-27,10.9
2015-07-28,8.11
2015-07-29,5.75
2015-07-30,96.6
2015-07-31,491
2015-08-01,294
2015-08-02,13.9
2015-08-03,6.49
2015-08-04,4.87
2015-08-05,4.14
2015-08-06,97.8
2015-08-07,365
2015-08-08,17.7
2015-08-09,6.31
2015-08-10,4.2
2015-08-11,3.21
2015-08-12,5.16
2015-08-13,93.5
2015-08-14,305
2015-08-15,13.7
2015-08-16,5.37
2015-08-17,3.57
2015-08-18,5.66
2015-08-19,14
2015-08-20,14.8
2015-08-21,15.8
2015-08-22,13
2015-08-23,14.5
2015-08-24,14.6
2015-08-25,10.7
2015-08-26,17.2
2015-08-27,14.7
2015-08-28,12.9
2015-08-29,13.3
2015-08-30,15.5
2015-08-31,15.5
2015-09-01,13.9
2015-09-02,12.5
2015-09-03,14.6
2015-09-04,8.05
2015-09-05,8.49
2015-09-06,14.5
2015-09-07,15.3
2015-09-08,14
2015-09-09,15
2015-09-10,15.1
2015-09-11,14.8
2015-09-12,13.2
2015-09-13,12.9
2015-09-14,12.5
2015-09-15,15
2015-09-16,15
2015-09-17,13.5
2015-09-18,14.4
2015-09-19,12.8
2015-09-20,13.5
2015-09-21,14.7
2015-09-22,13.4
2015-09-23,13
2015-09-24,12.7
2015-09-25,15
2015-09-26,14.2
2015-09-27,14.6
2015-09-28,16.8
2015-09-29,15.1
2015-09-30,11.2
2015-10-01,12.8
2015-10-02,13.9
2015-10-03,12.3
2015-10-04,14.7
2015-10-05,12.2
2015-10-06,12.2
2015-10-07,14
2015-10-08,14.3
2015-10-09,14.7
2015-10-10,11.2
2015-10-11,14.7
2015-10-12,10.6
2015-10-13,12.4
2015-10-14,9.49
2015-10-15,29.8
2015-10-16,36.3
2015-10-17,9.06
2015-10-18,4.17
2015-10-19,5.54
2015-10-20,11
2015-10-21,12.9
2015-10-22,15.2
2015-10-23,142
2015-10-24,147
2015-10-25,19
2015-10-26,8.31
2015-10-27,6.57
2015-10-28,9.51
2015-10-29,8.66
2015-11-11,390
2015-11-14,366
2015-11-15,365
2015-11-16,188
2015-11-18,58.1
2015-11-19,165
2015-11-21,204
2015-11-22,12.5
2015-11-23,178
2015-11-24,395
2015-11-25,365
2015-12-12,395
2015-12-19,609
2015-12-20,336
2015-12-21,400
2015-12-22,661
2015-12-23,386
2015-12-24,831
2015-12-25,704
2016-01-11,426
2016-01-16,424
2016-01-17,434
2016-01-18,431
2016-01-19,435
2016-01-20,450
2016-01-21,461
2016-01-22,461
2016-01-23,446
2016-01-24,456
2016-01-27,449
2016-01-28,469
2016-01-29,472
2016-01-30,467
2016-02-02,483
2016-02-03,475
2016-02-04,475
2016-02-05,488
2016-02-06,486
2016-02-07,477
2016-02-08,510
2016-02-09,486
2016-02-10,388
2016-02-11,28.7
2016-02-12,68.9
2016-02-13,370
2016-02-14,375
2016-02-15,376
2016-02-16,374
2016-02-17,221
2016-02-18,19.3
2016-02-19,82
2016-02-20,465
2016-02-21,466
2016-02-22,227
2016-02-25,496
2016-02-26,480
2016-02-27,471
2016-02-28,468
2016-03-02,434
2016-03-03,436
2016-03-04,431
2016-03-05,426
2016-03-06,428
2016-03-07,428
2016-03-25,477
2016-03-26,475
2016-03-29,429
2016-04-01,431
2016-04-02,425
2016-04-03,429
2016-04-04,429
2016-04-05,337
2016-04-06,35.7
2016-04-07,24.7
2016-04-08,21.6
2016-04-09,216
2016-04-10,480
2016-04-11,476
2016-04-12,479
2016-04-13,478
2016-04-14,480
2016-04-15,277
2016-04-16,64.2
2016-05-07,954
2016-06-25,448
2016-06-26,447
2016-06-27,441
2016-06-28,445
2016-06-29,229
2016-06-30,276
2016-07-01,442
2016-07-02,443
2016-07-03,454
2016-07-04,239
2016-07-05,43.9
2016-07-06,73.5
2016-07-07,111
2016-07-08,403
2016-07-09,461
2016-07-10,709
2016-07-11,270
2016-07-12,35.5
2016-07-13,33.9
2016-07-14,117
2016-07-15,336
2016-07-16,212
2016-07-17,30.6
2016-07-18,26.2
2016-07-19,26.3
2016-07-20,25.4
2016-07-21,24
2016-07-22,22.6
2016-07-23,22.7
2016-07-24,22.5
2016-07-25,22
2016-07-26,22.4
2016-07-27,25.5
2016-07-28,29.3
2016-07-29,36.7
2016-07-30,37
2016-07-31,36.8
2016-08-01,37.3
2016-08-02,36.4
2016-08-03,41.5
2016-08-04,45.2
2016-08-05,44.9
2016-08-06,44.9
2016-08-07,42.7
2016-08-08,43.2
2016-08-09,44.7
2016-08-10,43.8
2016-08-11,44.6
2016-08-12,44.2
2016-08-13,45.3
2016-08-14,45.3
2016-08-15,45
2016-08-16,44.1
2016-08-17,46.5
2016-08-18,45.3
2016-08-19,37
2016-08-28,358
2016-08-29,108
2016-08-30,186
2016-08-31,311
2016-09-01,222
2016-09-02,307
2016-09-03,302
2016-09-04,303
2016-09-05,173
2016-09-06,28
2016-09-07,26.7
2016-09-08,31.7
2016-09-09,32.5
2016-09-10,95
2016-09-11,41.4
2016-09-12,191
2016-09-13,182
2016-09-14,26.4
2016-09-15,78.2
2016-09-16,378
2016-09-17,193
2016-09-18,20.3
2016-09-19,101
2016-09-20,395
2016-09-21,393
2016-09-22,392
2016-09-23,394
2016-10-02,628
2016-10-03,193
2016-10-04,16.7
2016-10-05,63.3
2016-10-06,278
2016-10-08,510
2016-10-09,31.3
2016-10-10,22.8
2016-10-11,22
2016-10-12,23.2
2016-10-13,291
2016-10-14,317
2016-10-15,309
2016-10-16,306
2016-10-17,142
2016-10-18,21.2
2016-10-19,23.5
2016-10-20,22.6
2016-10-21,15.5
2016-10-22,11.6
2016-10-23,11.2
2016-10-24,17.3
2016-10-25,23.4
2016-10-26,20.5
2016-10-27,92.9
2016-10-28,234
2016-10-29,14.4
2016-10-30,86.8
2016-10-31,109
2016-11-01,103
2016-11-02,105
2016-11-04,310
2016-11-05,312
2016-11-06,178
2016-11-07,13.6
2016-11-13,401
2016-11-14,394
2016-11-15,393
2016-11-16,384
2016-11-17,157
2016-11-18,57.7
2016-11-19,40.6
2016-11-20,31.6
2016-11-21,29.6
2016-11-22,42.3
2016-11-23,61
2016-11-24,50.3
2016-11-25,47.6
2016-11-26,50
2016-11-27,48.7
2016-11-28,68.6
2016-11-29,52.3
2016-11-30,50.8
2016-12-01,44.8
2016-12-02,144
2016-12-03,480
2016-12-04,467
2016-12-05,241
2016-12-06,34.7
2016-12-07,27.7
2016-12-08,130
2016-12-09,329
2016-12-10,43.2
2016-12-11,29.1
2016-12-12,26.2
2016-12-13,39.7
2016-12-14,46.1
2016-12-15,145
2016-12-16,40.1
2016-12-17,41.5
2016-12-18,61
2016-12-19,50
2016-12-20,48.6
2016-12-21,47
2016-12-22,174
2016-12-23,56.7
2016-12-24,33.5
2016-12-25,27.8
2016-12-26,37.8
2016-12-27,48.6
2016-12-28,47.7
2016-12-29,132
2016-12-30,52.8
2016-12-31,32.1
2017-01-01,27.3
2017-01-02,35.8
2017-01-03,51.1
2017-01-04,52.3
2017-01-05,46.8
2017-01-06,48
2017-01-07,56
2017-01-08,52
2017-01-09,48.1
2017-01-10,47.3
2017-01-11,46.6
2017-01-12,48.2
2017-01-13,45.8
2017-01-14,45
2017-01-17,208
2017-01-18,36.3
2017-01-19,29.2
2017-01-20,225
2017-01-21,449
2017-01-22,503
2017-01-23,223
2017-01-24,35.6
2017-01-25,257
2017-01-26,469
2017-01-27,468
2017-01-28,440
2017-01-29,53.7
2017-01-30,32.3
2017-01-31,220
2017-02-01,451
2017-02-02,454
2017-02-03,319
2017-02-04,38.9
2017-02-05,29.3
2017-02-06,28
2017-02-07,165
2017-02-08,401
2017-02-09,392
2017-02-10,323
2017-02-11,42.4
2017-02-12,27.4
2017-02-16,394
2017-02-27,975
2017-02-28,829
2017-03-01,434
2017-03-02,426
2017-03-03,422
2017-03-04,199
2017-03-05,138
2017-03-06,392
2017-03-07,339
2017-03-08,30.9
2017-03-09,83.6
2017-03-10,300
2017-03-11,297
2017-03-12,298
2017-03-13,293
2017-03-14,134
2017-03-15,16.6
2017-03-16,109
2017-03-17,349
2017-03-18,181
2017-03-19,16.1
2017-03-20,85.8
2017-03-21,18.4
2017-03-22,10.6
2017-03-23,109
2017-03-24,239
2017-03-25,23.2
2017-03-26,11.2
2017-03-27,8.29
2017-03-28,7.6
2017-03-29,120
2017-03-30,108
2017-03-31,227
2017-04-01,12.2
2017-04-03,31.1
2017-04-04,14.6
2017-04-05,237
2017-04-06,364
2017-04-07,485
2017-04-08,718
2017-04-09,513
2017-04-10,219
2017-04-11,220
2017-04-12,143
2017-04-13,62.1
2017-04-14,482
2017-04-15,485
2017-04-16,89.9
2017-04-17,6.39
2017-04-18,9.88
2017-04-19,11.8
2017-04-20,80.5
2017-04-21,184
2017-04-22,8.78
2017-04-23,4.24
2017-04-24,2.58
2017-04-25,4.14
2017-04-26,16.5
2017-04-27,11
2017-04-28,8.05
2017-04-29,13.7
2017-04-30,34.4
2017-05-01,11.2
2017-05-02,8.92
2017-05-03,11.7
2017-05-04,11.7
2017-05-05,9.12
2017-05-06,7.92
2017-05-07,7.66
2017-05-08,9.43
2017-05-09,11.3
2017-05-10,8.01
2017-05-11,8.9
2017-05-12,8.24
2017-05-13,8.52
2017-05-14,8.39
2017-05-15,7.39
2017-05-16,7.46
2017-05-17,8.61
2017-05-18,7.81
2017-05-19,7.02
2017-05-20,8.17
2017-05-21,8.6
2017-05-22,8.03
2017-05-23,9.4
2017-05-24,11.1
2017-05-25,87.7
2017-05-26,230
2017-05-27,7.67
2017-05-28,2.22
2017-05-29,1.33
2017-05-30,3.83
2017-05-31,7.77
2017-06-01,8.12
2017-06-02,101
2017-06-11,207
2017-06-12,63.1
2017-06-13,223
2017-06-14,11
2017-06-15,124
2017-06-16,300
2017-06-17,302
2017-06-18,128
2017-06-19,67.4
2017-06-20,51.7
2017-06-21,23.9
2017-06-22,102
2017-06-23,290
2017-06-27,343
2017-06-28,162
2017-06-29,61.2
2017-06-30,332
2017-07-02,272
2017-07-03,108
2017-07-04,415
2017-07-05,16.6
2017-07-06,5.25
2017-07-07,138
2017-07-08,237
2017-07-09,128
2017-07-10,161
2017-07-11,8.99
2017-07-12,4.93
2017-07-13,60.6
2017-07-14,218
2017-07-15,9.3
2017-07-16,3.75
2017-07-17,2.57
2017-07-18,4.81
2017-07-19,9.78
2017-07-20,10.9
2017-07-21,10.3
2017-07-22,11.4
2017-07-23,10
2017-07-24,10.4
2017-07-25,11.2
2017-07-26,11.1
2017-07-27,11
2017-07-28,10.6
2017-07-29,11.3
2017-07-30,11.6
2017-07-31,10.5
2017-08-01,12.2
2017-08-02,13.6
2017-08-03,13.4
2017-08-04,12.4
2017-08-05,13.8
2017-08-08,7.83
2017-08-09,4.18
2017-08-10,56.6
2017-08-11,211
2017-08-12,9.32
2017-08-13,4.58
2017-08-14,3.7
2017-08-15,3.19
2017-08-16,6.56
2017-08-17,11.5
2017-08-18,12.2
2017-08-19,10.3
2017-08-20,10.9
2017-08-21,11.1
2017-08-22,12.4
2017-08-23,12.7
2017-08-24,9.9
2017-08-26,129
2017-08-27,6.7
2017-08-28,5.52
2017-08-29,4.16
2017-08-30,7.25
2017-08-31,10.6
2017-09-01,10.4
2017-09-02,11.2
2017-09-03,9.73
2017-09-04,9.93
2017-09-05,8.83
2017-09-06,9.28
2017-09-07,11.3
2017-09-08,10.6
2017-09-09,11.7
2017-09-10,11.2
2017-09-11,10.1
2017-09-12,10.2
2017-09-13,10.3
2017-09-14,12.2
2017-09-15,10.5
2017-09-16,7.67
2017-09-17,11
2017-09-18,10.4
2017-09-19,10.8
2017-09-20,10.9
2017-09-21,11.4
2017-09-22,11.7
2017-09-23,10
2017-09-24,11.6
2017-09-25,8.69
2017-09-26,10
2017-09-27,10.5
2017-09-28,11.6
2017-09-29,13.4
2017-09-30,11
2017-10-01,11.2
2017-10-02,5.25
2017-10-03,6.46
2017-10-04,12.6
2017-10-05,11.6
2017-10-06,14.1
2017-10-07,12.7
2017-10-08,15.9
2017-10-09,12.8
2017-10-10,14.2
2017-10-11,13
2017-10-12,14.2
2017-10-13,15.2
2017-10-14,13.4
2017-10-15,15.8
2017-10-16,15.3
2017-10-17,14.6
2017-10-18,13.7
2017-10-19,14.7
2017-10-20,14.9
2017-10-21,12.5
2017-10-22,19.1
2017-10-23,16
2017-10-24,9.25
2017-10-25,10.8
2017-10-26,12.6
2017-10-27,17.1
2017-10-28,13.9
2017-10-29,14.1
2017-10-30,15.4
2017-10-31,16
2017-11-01,15.8
2017-11-02,15.7
2017-11-03,15.4
2017-11-04,14.7
2017-11-05,15
2017-11-06,19
2017-11-07,17.6
2017-11-08,13.8
2017-11-09,8.44
2017-11-10,5.63
2017-11-11,4.79
2017-11-12,4.51
2017-11-13,8.09
2017-11-14,15
2017-11-15,16.5
2017-11-16,17.4
2017-11-17,23.5
2017-11-18,28.2
2017-11-19,25.9
2017-11-20,15.2
2017-11-21,9.32
2017-11-22,16.3
2017-11-23,18.3
2017-11-24,21.3
2017-11-25,26.7
2017-11-26,22.1
2017-11-27,21.8
2017-11-28,22.4
2017-11-29,21.9
2017-11-30,14.5
2017-12-01,8.89
2017-12-02,7.51
2017-12-03,6.98
2017-12-04,12.8
2017-12-05,19.6
2017-12-06,20.8
2017-12-07,19
2017-12-08,22.5
2017-12-09,19.5
2017-12-10,22.3
2017-12-11,22
2017-12-12,20.4
2017-12-13,21.3
2017-12-14,13.4
2017-12-15,7.77
2017-12-16,7.02
2017-12-17,7.94
2017-12-18,13.3
2017-12-19,21.4
2017-12-20,12.1
2017-12-21,9.15
2017-12-22,9.09
2017-12-23,10.5
2017-12-24,8.47
2017-12-25,11.2
2017-12-26,22.3
2017-12-27,19.4
2017-12-28,17.5
2017-12-29,19.9
2017-12-30,17.3
2017-12-31,13
2018-01-01,7.39
2018-01-02,6.33
2018-01-03,7.27
2018-01-04,14.4
2018-01-05,17.1
2018-01-06,20.8
2018-01-07,17.3
2018-01-08,16.5
2018-01-09,17.5
2018-01-10,18.6
2018-01-11,31.2
2018-01-12,22.3
2018-01-13,19
2018-01-14,8.26
2018-01-15,5.06
2018-01-16,4.05
2018-01-17,8.87
2018-01-18,14.7
2018-01-19,14.9
2018-01-20,16.7
2018-01-21,16.3
2018-01-22,19.3
2018-01-23,17.9
2018-01-24,17.1
2018-01-25,17.6
2018-01-26,17.2
2018-01-27,18.3
2018-01-28,15.5
2018-01-29,17
2018-01-30,17.3
2018-01-31,15.8
2018-02-01,15.9
2018-02-02,15.7
2018-02-03,18.1
2018-02-04,13.4
2018-02-05,13.4
2018-02-06,14.8
2018-02-07,15.5
2018-02-08,15.4
2018-02-09,15.2
2018-02-10,17.8
2018-02-11,14.9
2018-02-12,14.6
2018-02-13,8.92
2018-02-14,4.94
2018-02-15,9.61
2018-02-16,13.5
2018-02-17,18.8
2018-02-18,17.5
2018-02-19,19
2018-02-20,15.1
2018-03-02,385
2018-03-06,31.7
2018-03-07,20.8
2018-03-08,86
2018-03-09,503
2018-03-10,383
2018-03-11,18.7
2018-03-12,13.3
2018-03-13,8.68
2018-03-14,7.86
2018-03-15,106
2018-03-16,524
2018-03-17,520
2018-03-18,212
2018-03-19,25.3
2018-03-20,17.5
2018-03-21,9.6
2018-03-22,102
2018-03-23,418
2018-03-24,13.3
2018-03-25,7.45
2018-03-26,88.8
2018-03-29,51.5
2018-03-30,234
2018-03-31,27.5
2018-04-01,13.8
2018-04-02,10.5
2018-04-03,14.3
2018-04-04,12.5
2018-04-05,8.87
2018-04-06,7.94
2018-04-07,11.2
2018-04-08,12.9
2018-04-09,8.88
2018-04-10,6.94
2018-04-11,6.75
2018-04-12,10.8
2018-04-13,10.6
2018-04-14,30.8
2018-04-15,11.7
2018-04-16,6.69
2018-04-17,6.09
2018-04-18,5.22
2018-04-19,8.34
2018-04-20,11.6
2018-04-21,11.4
2018-04-22,14.6
2018-04-23,9.97
2018-04-24,5.51
2018-04-25,4.45
2018-04-26,4.45
2018-04-27,9.51
2018-04-28,13.7
2018-04-29,10.6
2018-04-30,11.1
2018-05-01,12
2018-05-02,10.3
2018-05-03,13.4
2018-05-04,9.5
2018-05-05,7.56
2018-05-06,6.9
2018-05-07,4.72
2018-05-08,6.91
2018-05-09,13.2
2018-05-10,13.8
2018-05-11,14.2
2018-05-12,13.6
2018-05-13,11.1
2018-05-14,11.8
2018-05-15,12.4
2018-05-16,10.8
2018-05-17,11.8
2018-05-18,12.8
2018-05-19,12.3
2018-05-20,9.87
2018-05-21,5.08
2018-05-22,3.53
2018-05-23,6.19
2018-05-24,13.2
2018-05-25,13.4
2018-05-26,13
2018-05-27,11.4
2018-05-28,10.7
2018-05-29,10
2018-05-30,11.6
2018-05-31,9.85
2018-06-01,10.5
2018-06-02,10.6
2018-06-03,10.6
2018-06-04,12
2018-06-05,10.5
2018-06-06,10.3
2018-06-07,10.2
2018-06-08,5.72
2018-06-09,4.49
2018-06-10,11.8
2018-06-11,7.99
2018-06-12,11
2018-06-13,13.6
2018-06-14,13.8
2018-06-15,13.3
2018-06-16,16
2018-06-17,13.3
2018-06-18,13
2018-06-19,15.1
2018-06-20,15.5
2018-06-21,16
2018-06-22,16.3
2018-06-23,15.8
2018-06-24,15.2
2018-06-25,12.6
2018-06-26,14.8
2018-06-27,14.6
2018-06-28,15.6
2018-06-29,15.9
2018-06-30,15.2
2018-07-01,12
2018-07-02,13.5
2018-07-03,14.5
2018-07-04,14.7
2018-07-05,13.7
2018-07-06,13.8
2018-07-07,15
2018-07-08,10.5
2018-07-09,18.1
2018-07-10,14.4
2018-07-11,17.2
2018-07-12,20
2018-07-13,19.3
2018-07-14,21.5
2018-07-15,17.4
2018-07-16,13.6
2018-07-17,16.8
2018-07-18,19.5
2018-07-19,20.9
2018-07-20,19.1
2018-07-21,21.1
2018-07-22,17.7
2018-07-23,16.2
2018-07-24,18.5
2018-07-25,18
2018-07-26,18.6
2018-07-27,16.1
2018-07-28,17.9
2018-07-29,6.25
2018-07-30,9.76
2018-07-31,14.9
2018-08-01,15.2
2018-08-02,13.2
2018-08-03,13.2
2018-08-04,15.6
2018-08-05,16.9
2018-08-06,12.2
2018-08-07,13.2
2018-08-08,13.7
2018-08-09,15.8
2018-08-10,14.6
2018-08-11,69.1
2018-08-12,13.7
2018-08-13,15
2018-08-14,11
2018-08-15,4.32
2018-08-16,3.03
2018-08-17,8.86
2018-08-18,17.4
2018-08-19,15.9
2018-08-20,14.2
2018-08-21,13
2018-08-22,13.6
2018-08-23,14.7
2018-08-24,15.7
2018-08-25,16.5
2018-08-26,9.92
2018-08-27,17.4
2018-08-28,14.3
2018-08-29,14
2018-08-30,12.4
2018-08-31,12.3
2018-09-01,15.5
2018-09-02,13.6
2018-09-03,10.4
2018-09-04,12.4
2018-09-05,14
2018-09-06,33.2
2018-09-07,15.8
2018-09-08,356
2018-09-09,82
2018-09-10,22.9
2018-09-11,22.4
2018-09-12,23.3
2018-09-13,16.4
2018-09-14,15
2018-09-15,18.8
2018-09-16,28.1
2018-09-17,29
2018-09-18,28.2
2018-09-19,28
2018-09-20,30.1
2018-09-21,68.4
2018-09-22,503
2018-09-23,262
2018-09-24,192
2018-09-25,158
2018-09-30,551
2018-10-01,544
2018-10-02,541
2018-10-05,724
2018-10-06,523
2018-10-07,525
2018-10-08,518
2018-11-11,982
2018-11-14,729
2018-11-18,967
2018-11-19,960
2018-11-20,963
2018-11-24,814
2018-11-25,706
2018-11-26,673
2018-11-27,461
2018-11-28,602
2018-12-02,458
2018-12-03,461
2018-12-04,472
2018-12-05,461
2018-12-06,471
2018-12-07,429
2018-12-09,723
2018-12-10,468
2018-12-11,495
2018-12-14,851
2018-12-23,675
2018-12-24,531
2018-12-25,390
2019-01-04,771
2019-01-21,994
2019-01-24,996
2019-01-25,834
2019-01-26,708
2019-01-27,712
2019-01-28,635
2019-01-29,325
2019-01-30,25.3
2019-01-31,318
2019-02-01,711
2019-02-02,712
2019-02-03,714
2019-02-04,714
2019-02-05,556
2019-02-06,468
2019-02-07,738
2019-02-08,724
2019-02-09,724
2019-02-10,725
2019-02-11,728
2019-02-12,739
2019-02-13,532
2019-02-14,402
2019-02-15,404
2019-02-16,407
2019-02-17,412
2019-02-18,413
2019-02-19,551
2019-02-20,574
2019-02-21,424
2019-02-22,425
2019-02-23,448
2019-02-24,437
2019-02-25,442
2019-02-26,442
2019-02-27,458
2019-02-28,456
2019-03-01,457
2019-03-02,460
2019-03-03,468
2019-03-04,468
2019-03-05,236
2019-03-06,18.4
2019-03-07,86.6
2019-03-08,480
2019-03-09,669
2019-03-10,620
2019-03-11,451
2019-03-12,456
2019-03-19,772
2019-03-20,469
2019-03-21,475
2019-03-22,748
2019-03-23,923
2019-03-24,934
2019-03-27,552
2019-03-28,148
2019-03-29,567
2019-03-30,611
2019-03-31,272
2019-04-01,18.6
2019-04-02,14
2019-04-03,14.4
2019-04-04,116
2019-04-05,495
2019-04-07,104
2019-04-08,447
2019-04-11,318
2019-04-12,494
2019-07-02,439
2019-07-03,438
2019-07-04,458
2019-07-05,440
2019-07-06,496
2019-07-07,640
2019-07-12,908
2019-07-13,924
2019-07-14,908
2019-07-15,622
2019-07-16,391
2019-07-17,400
2019-07-18,398
2019-07-19,405
2019-07-20,215
2019-07-21,22.2
2019-07-22,226
2019-07-23,258
2019-07-24,141
2019-07-25,131
2019-07-26,87.2
2019-07-27,55.2
2019-07-28,39
2019-07-29,31.7
2019-07-30,18.7
2019-07-31,17.6
2019-08-01,18
2019-08-02,17.6
2019-08-03,17.9
2019-08-04,18.2
2019-08-05,17.6
2019-08-06,17
2019-08-07,16.7
2019-08-08,16.7
2019-08-09,16.6
2019-08-10,16.2
2019-08-11,16.1
2019-08-12,16
2019-08-13,15.9
2019-08-14,15.7
2019-08-15,16.3
2019-08-16,16
2019-08-17,16.1
2019-08-18,16
2019-08-19,16
2019-08-20,16
2019-08-21,15.3
2019-08-22,16.7
2019-08-23,20.7
2019-08-24,22.8
2019-08-25,19.8
2019-08-26,19.3
2019-08-27,31.7
2019-08-28,23.7
2019-08-29,20.1
2019-08-30,20.6
2019-08-31,21.5
2019-09-01,20.6
2019-09-02,47.5
2019-09-03,98.4
2019-09-04,48.6
2019-09-05,19.1
2019-09-06,26
2019-09-07,20.7
2019-09-08,17.2
2019-09-09,18.2
2019-09-10,17.9
2019-09-11,17.8
2019-09-12,18.1
2019-09-13,18
2019-09-14,17.8
2019-09-15,18.2
2019-09-16,18.1
2019-09-17,18
2019-09-18,18.5
2019-09-19,18.6
2019-09-20,18.6
2019-09-21,18
2019-09-22,18
2019-09-23,18
2019-09-24,18
2019-09-25,17.6
2019-09-26,17.7
2019-09-27,17.9
2019-09-28,17.7
2019-09-29,18
2019-09-30,18.4
2019-10-01,18.5
2019-10-02,18.2
2019-10-03,18.6
2019-10-04,18.8
2019-10-05,19.2
2019-10-06,18.6
2019-10-07,17.6
2019-10-08,18.1
2019-10-09,18.3
2019-10-10,20.7
2019-10-11,28.8
2019-10-12,19.8
2019-10-13,18.7
2019-10-14,18.7
2019-10-15,19.4
2019-10-16,18.6
2019-10-17,18.7
2019-10-18,19.1
2019-10-19,19.5
2019-10-20,19.2
2019-10-21,20.5
2019-10-22,18.8
2019-10-23,19.3
2019-10-24,22.7
2019-10-25,30.3
2019-10-26,21.4
2019-10-27,19.2
2019-10-28,18.9
2019-10-29,20.1
2019-10-30,27
2019-10-31,21.8
2019-11-01,19.6
2019-11-02,19
2019-11-03,19.2
2019-11-04,19.2
2019-11-05,19.1
2019-11-06,19.6
2019-11-07,24.3
2019-11-08,21.4
2019-11-09,28.6
2019-11-10,47.9
2019-11-11,59.7
2019-11-12,51.7
2019-11-13,45.5
2019-11-14,43.5
2019-11-15,45
2019-11-16,44.7
2019-11-17,46
2019-11-18,46.8
2019-11-19,47.1
2019-11-20,47.3
2019-11-21,47.8
2019-11-22,51.6
2019-11-23,48.8
2019-11-24,47.3
2019-11-25,46.8
2019-11-26,46.4
2019-11-27,45.5
2019-11-28,46.6
2019-11-29,46.7
2019-11-30,47.4
2019-12-01,50.7
2019-12-02,50.4
2019-12-03,48.3
2019-12-04,45.6
2019-12-05,45.7
2019-12-06,50.8
2019-12-07,45.9
2019-12-08,45.2
2019-12-09,45.3
2019-12-10,50.7
2019-12-11,45.5
2019-12-12,44
2019-12-13,43.9
2019-12-14,43.8
2019-12-15,44.2
2019-12-16,52.1
2019-12-17,48.3
2019-12-18,43.3
2019-12-19,42.2
2019-12-20,42.5
2019-12-21,43.3
2019-12-22,43
2019-12-23,42.5
2019-12-24,42.8
2019-12-25,42.9
2019-12-26,42.7
2019-12-27,42.5
2019-12-28,44.4
2019-12-29,48
2019-12-30,44.2
2019-12-31,39.8
2020-01-01,38.8
2020-01-02,38.7
2020-01-03,42.1
2020-01-04,40.1
2020-01-05,39.4
2020-01-06,39.2
2020-01-07,38.6
2020-01-08,38.5
2020-01-09,39.9
2020-01-10,46.2
2020-01-12,295
2020-01-13,45
2020-01-14,41.5
2020-01-15,41.8
2020-01-16,41.6
2020-01-17,370
2020-01-18,831
2020-01-19,306
2020-01-20,44.7
2020-01-21,39.4
2020-01-22,40.6
2020-01-23,40.3
2020-01-24,39.2
2020-01-25,38.3
2020-01-26,222
2020-01-27,304
2020-01-28,267
2020-01-29,256
2020-01-30,46.7
2020-01-31,42.1
2020-02-01,38
2020-02-02,37.4
2020-02-03,37.5
2020-02-04,40.8
2020-02-05,43.5
2020-02-06,45.3
2020-02-07,39.6
2020-02-08,36.4
2020-02-09,36.3
2020-02-10,123
2020-02-11,464
2020-02-12,514
2020-02-13,742
2020-02-14,928
2020-02-15,922
2020-02-16,915
2020-02-17,674
2020-02-18,467
2020-02-19,481
2020-02-21,821
2020-02-22,458
2020-02-23,431
2020-02-24,532
2020-02-25,518
2020-02-26,464
2020-02-27,51.1
2020-02-28,42.7
2020-02-29,42.2
2020-03-01,144
2020-03-02,499
2020-03-03,499
2020-04-10,800
2020-04-11,799
2020-04-14,398
2020-04-15,381
2020-04-16,383
2020-04-17,612
2020-04-18,727
2020-04-19,749
2020-04-20,753
2020-04-21,740
2020-04-22,486
2020-04-23,338
2020-04-24,349
2020-04-25,341
2020-04-26,344
2020-04-27,348
2020-04-28,349
2020-04-29,371
2020-04-30,377
2020-05-01,328
2020-05-02,118
2020-05-03,83.5
2020-05-04,60.3
2020-05-05,28.9
2020-05-06,15.5
2020-05-07,14.9
2020-05-08,15.1
2020-05-09,13.8
2020-05-10,13.2
2020-05-11,12.9
2020-05-12,12.8
2020-05-13,11.9
2020-05-14,10.6
2020-05-15,19.2
2020-05-17,882
2020-05-18,597
2020-05-19,442
2020-05-24,779
2020-05-31,667
2020-06-01,256
2020-06-02,135
2020-06-03,133
2020-06-04,235
2020-06-05,476
2020-06-06,137
2020-06-07,128
2020-06-08,127
2020-06-09,93.8
2020-06-10,49.7
2020-06-11,39.6
2020-06-12,17.5
2020-06-13,15.1
2020-06-14,14.6
2020-06-15,14.5
2020-06-16,14.4
2020-06-17,14.2
2020-06-18,14.2
2020-06-19,15.6
2020-06-21,267
2020-06-22,471
2020-06-24,169
2020-06-25,480
2020-06-26,812
2020-06-27,622
2020-06-28,674
2020-06-30,795
2020-07-01,795
2020-07-02,667
2020-07-03,475
2020-07-04,474
2020-07-05,474
2020-07-06,481
2020-07-07,483
2020-07-08,254
2020-07-09,176
2020-07-10,237
2020-07-11,44.6
2020-07-12,42.3
2020-07-13,34.7
2020-07-14,20.4
2020-07-15,19.1
2020-07-16,18.8
2020-07-17,18.7
2020-07-18,18.6
2020-07-19,18.3
2020-07-20,18.1
2020-07-21,17.4
2020-07-22,17.5
2020-07-23,17.6
2020-07-24,16.9
2020-07-25,16.7
2020-07-26,17
2020-07-27,17.1
2020-07-28,17.5
2020-07-29,17.4
2020-07-30,17
2020-07-31,16.8
2020-08-01,16.4
2020-08-02,16.3
2020-08-03,16.3
2020-08-04,16.2
2020-08-05,28.4
2020-08-06,14
2020-08-07,14.2
2020-08-08,14.3
2020-08-09,14.3
2020-08-10,13.9
2020-08-11,14
2020-08-12,14
2020-08-13,13.8
2020-08-14,13.8
2020-08-15,13.8
2020-08-16,14.1
2020-08-17,14.3
2020-08-18,13.8
2020-08-19,13.7
2020-08-20,13.9
2020-08-21,14.1
2020-08-22,14.3
2020-08-23,14.3
2020-08-24,14.1
2020-08-25,13.9
2020-08-26,14
2020-08-27,13.9
2020-08-28,13.8
2020-08-29,13.8
2020-08-30,13.9
2020-08-31,14
2020-09-01,39.7
2020-09-05,571
2020-09-06,370
2020-09-07,64.7
2020-09-08,19.3
2020-09-20,878
2020-09-21,880
2020-09-22,882
2020-09-23,877
2020-09-24,587
2020-09-25,427
2020-09-26,427
2020-09-27,429
2020-09-28,253
2020-09-29,89.7
2020-09-30,62.4
2020-10-01,26.6
2020-10-02,17.6
2020-10-03,16.4
2020-10-04,16.1
2020-10-05,16.3
2020-10-06,16.2
2020-10-07,16.1
2020-10-08,16.1
2020-10-09,16.3
2020-10-10,16.2
2020-10-11,16.3
2020-10-12,19.4
2020-10-13,15.9
2020-10-14,15.1
2020-10-15,15.6
2020-10-16,15.2
2020-10-17,15.1
2020-10-18,15.6
2020-10-19,16.6
2020-10-20,15.5
2020-10-21,15.5
2020-10-22,15.8
2020-10-23,277
2020-10-24,467
2020-10-25,271
2020-10-26,22.7
2020-10-27,19.9
2020-10-28,36.9
2020-10-29,39.6
2020-10-30,19.4
2020-10-31,16
2020-11-01,15.8
2020-11-02,16
2020-11-03,16
2020-11-04,16.2
2020-11-05,16.5
2020-11-06,16.8
2020-11-07,16.8
2020-11-08,17.3
2020-11-09,18
2020-11-10,17.2
2020-11-11,16.9
2020-11-12,17.4
2020-11-13,17.3
2020-11-14,18.2
2020-11-15,19.6
2020-11-16,17.6
2020-11-17,18.3
2020-11-18,18
2020-11-19,17.5
2020-11-20,17.7
2020-11-21,17.8
2020-11-22,17.4
2020-11-23,17.6
2020-11-24,18.6
2020-11-25,23.2
2020-11-26,18.4
2020-11-27,17.7
2020-11-28,19
2020-11-29,25.1
2020-11-30,24.9
2020-12-01,19.9
2020-12-02,21.3
2020-12-03,26.1
2020-12-04,19.8
2020-12-05,17.7
2020-12-06,18.1
2020-12-07,17.8
2020-12-08,17.6
2020-12-09,17.5
2020-12-10,17.7
2020-12-11,18.2
2020-12-12,17.7
2020-12-13,22.2
2020-12-14,24
2020-12-15,18.1
2020-12-16,22.1
2020-12-17,18
2020-12-18,17.8
2020-12-19,18.6
2020-12-20,18.3
2020-12-21,18
2020-12-22,18.8
2020-12-23,25.8
2020-12-24,41.7
2020-12-25,23.3
2020-12-26,18.7
2020-12-27,18.6
2020-12-28,18.5
2020-12-29,18.9
2020-12-30,24.6
2020-12-31,489
2021-01-01,618
2021-01-02,259
2021-01-03,28.6
2021-01-04,20.7
2021-01-05,19.1
2021-01-06,43.5
2021-01-07,50.2
2021-01-08,21.2
2021-01-09,17.8
2021-01-10,20.2
2021-01-11,23.9
2021-01-12,19.5
2021-01-13,18.7
2021-01-14,29.6
2021-01-15,81.8
2021-01-16,29.3
2021-01-17,18.8
2021-01-18,18.5
2021-01-19,18.5
2021-01-20,19.6
2021-01-21,19.3
2021-01-22,19.2
2021-01-23,19.2
2021-01-24,19.4
2021-01-25,184
2021-01-26,27.7
2021-01-27,22.3
2021-01-28,19.8
2021-01-29,18.8
2021-01-30,42.5
2021-01-31,44.4
2021-02-01,23
2021-02-02,18.8
2021-02-03,19.1
2021-02-04,27.8
2021-02-05,169
2021-02-06,424
2021-02-07,41.7
2021-02-08,20.3
2021-02-09,28
2021-02-10,50
2021-02-11,54.3
2021-02-12,51.9
2021-02-13,50.7
2021-02-14,55.6
2021-02-15,91.2
2021-02-16,52.8
2021-02-17,50
2021-02-18,52.4
2021-02-19,53
2021-02-20,52.1
2021-02-21,55.4
2021-02-22,54
2021-02-23,52.1
2021-02-24,58.1
2021-02-25,52.2
2021-02-27,621
2021-02-28,49.9
2021-03-01,37.5
2021-03-02,38.9
2021-03-03,52.7
2021-03-04,53
2021-03-05,55
2021-03-06,25
2021-03-07,17.5
2021-03-08,17.2
2021-03-09,17.6
2021-03-10,20.4
2021-03-11,19.2
2021-03-12,18.2
2021-03-13,18.1
2021-03-14,20.5
2021-03-15,23.3
2021-03-16,19.9
2021-03-17,248
2021-03-18,76.6
2021-03-19,23.8
2021-03-20,17.3
2021-03-21,16.6
2021-03-24,31.3
2021-03-25,65.2
2021-03-26,33.4
2021-03-27,26.9
2021-03-28,23.9
2021-03-29,18.8
2021-03-30,18.1
2021-03-31,18.1
2021-04-01,17.2
2021-04-02,16.8
2021-04-03,17
2021-04-04,16.8
2021-04-05,16.7
2021-04-06,185
2021-04-07,28
2021-04-08,19.5
2021-04-09,16.6
2021-04-10,17.1
2021-04-11,15.7
2021-04-12,15.3
2021-04-13,16.6
2021-04-14,21.2
2021-04-15,42.8
2021-04-17,796
2021-04-18,439
2021-04-19,53.7
2021-04-20,219
2021-04-21,36.8
2021-04-22,115
2021-04-23,250
2021-04-24,29.2
2021-04-25,19.9
2021-04-26,17.7
2021-04-27,17
2021-04-28,238
2021-05-07,847
2021-05-13,862
2021-05-14,846
2021-05-15,838
2021-05-16,847
2021-06-24,990
2021-06-25,860
2021-06-26,684
2021-06-27,672
2021-06-28,661
2021-07-16,992
2021-07-17,999
2021-07-18,983
2021-07-19,985
2021-07-22,661
2021-07-23,660
2021-07-24,513
2021-07-25,346
2021-07-26,346
2021-07-27,249
2021-07-28,183
2021-07-29,182
2021-07-30,182
2021-07-31,182
2021-08-01,212
2021-08-02,493
2021-08-03,347
2021-08-04,537
2021-08-05,518
2021-08-06,202
2021-08-07,175
2021-08-08,70
2021-08-09,53.2
2021-08-10,26.3
2021-08-11,12.4
2021-08-12,12.1
2021-08-13,12.4
2021-08-14,12.7
2021-08-15,13.1
2021-08-16,12.6
2021-08-17,15.8
2021-08-22,415
2021-08-23,417
2021-08-24,615
2021-08-25,543
2021-08-26,431
2021-08-27,279
2021-08-28,162
2021-08-29,161
2021-08-30,160
2021-08-31,104
2021-09-01,39.7
2021-09-02,28.5
2021-09-03,25.8
2021-09-04,25.4
2021-09-05,24.7
2021-09-06,24
2021-09-07,21.7
2021-09-08,15.5
2021-09-09,15.9
2021-09-10,15.5
2021-09-11,14.3
2021-09-12,13.9
2021-09-13,14
2021-09-14,14
2021-09-15,14.2
2021-09-16,14.4
2021-09-17,14.3
2021-09-18,14
2021-09-19,14
2021-09-20,15.3
2021-09-21,14.2
2021-09-22,13.3
2021-09-23,13.1
2021-09-24,13.1
2021-09-25,12.9
2021-09-26,12.9
2021-09-27,13
2021-09-28,13.3
2021-09-29,13.3
2021-09-30,17.5
2021-10-01,27.2
2021-10-04,533
2021-10-05,220
2021-10-06,77.6
2021-10-07,65.3
2021-10-08,18.1
2021-10-09,14.6
2021-10-10,15
2021-10-11,22.4
2021-10-12,197
2021-10-13,237
2021-10-14,479
2021-10-17,613
2021-10-18,236
2021-10-19,20.2
2021-10-20,17
2021-10-21,27.9
2021-10-22,50.3
2021-10-23,20
2021-10-24,17.4
2021-10-25,21.4
2021-10-26,38
2021-10-27,505
2021-10-28,101
2021-10-29,38.5
2021-10-30,21.1
2021-10-31,17.1
2021-11-01,17
2021-11-02,16.9
2021-11-03,17.8
2021-11-04,17.4
2021-11-05,17
2021-11-06,16.9
2021-11-07,16.9
2021-11-08,16.9
2021-11-09,17
2021-11-10,17.1
2021-11-11,16.7
2021-11-12,16.8
2021-11-13,16.9
2021-11-14,17
2021-11-15,17.2
2021-11-16,17.7
2021-11-17,17.5
2021-11-18,16.8
2021-11-19,17.2
2021-11-20,17.6
2021-11-21,17.6
2021-11-22,18.9
2021-11-23,19.6
2021-11-24,15.1
2021-11-25,15
2021-11-26,15.1
2021-11-27,15.4
2021-11-28,15.7
2021-11-29,16.3
2021-11-30,16.1
2021-12-01,21.2
2021-12-02,15.7
2021-12-03,16
2021-12-04,20.7
2021-12-05,17.4
2021-12-06,16.2
2021-12-07,19
2021-12-08,19.5
2021-12-09,17.1
2021-12-10,16.8
2021-12-11,17.3
2021-12-12,16.5
2021-12-13,16.3
2021-12-14,16.6
2021-12-15,17.2
2021-12-16,17
2021-12-17,17.3
2021-12-18,16.3
2021-12-19,16
2021-12-20,16.2
2021-12-21,16.3
2021-12-22,16.2
2021-12-23,16.7
2021-12-24,17.7
2021-12-25,17
2021-12-26,16.8
2021-12-27,16.8
2021-12-28,16.7
2021-12-29,16.9
2021-12-30,16.5
2021-12-31,15.8
2022-01-01,16.1
2022-01-02,21.6
2022-01-03,16.9
2022-01-04,15.4
2022-01-05,15
2022-01-06,14.6
2022-01-07,14.7
2022-01-08,15
2022-01-09,15.2
2022-01-10,14.9
2022-01-11,14.7
2022-01-12,14.7
2022-01-13,14.7
2022-01-14,14.9
2022-01-15,25.9
2022-01-16,18.8
2022-01-17,15.1
2022-01-18,15
2022-01-19,14.7
2022-01-20,14.1
2022-01-21,14.4
2022-01-22,14.3
2022-01-23,14.3
2022-01-24,14.6
2022-01-25,14.8
2022-01-26,14.5
2022-01-27,14.3
2022-01-28,14.1
2022-01-29,14.1
2022-01-30,14.2
2022-01-31,14.4
2022-02-01,14.6
2022-02-02,15.1
2022-02-03,22.4
2022-02-04,17.8
2022-02-05,15.4
2022-02-06,14.8
2022-02-07,14.3
2022-02-08,18.3
2022-02-09,16.1
2022-02-10,15
2022-02-11,15.1
2022-02-12,14.5
2022-02-13,14.8
2022-02-14,14.8
2022-02-15,15.1
2022-02-16,15.4
2022-02-17,24.3
2022-02-18,19.4
2022-02-19,14.9
2022-02-20,14.8
2022-02-21,15.2
2022-02-22,17.8
2022-02-23,16.2
2022-02-24,14.9
2022-02-25,14.6
2022-02-26,14.5
2022-02-27,14.7
2022-02-28,14.6
2022-03-01,14.5
2022-03-02,14.3
2022-03-03,16.1
2022-03-04,18
2022-03-05,16.4
2022-03-06,57.6
2022-03-07,267
2022-03-08,19.7
2022-03-09,15.2
2022-03-10,38.4
2022-03-11,316
2022-03-12,23.8
2022-03-13,15.7
2022-03-14,16.2
2022-03-15,22.7
2022-03-16,17.3
2022-03-17,15.7
2022-03-18,253
2022-03-19,36.5
2022-03-20,16.3
2022-03-21,107
2022-03-22,325
2022-03-23,37.1
2022-03-24,21
2022-03-25,16.7
2022-03-26,15.3
2022-03-27,15.3
2022-03-28,15.4
2022-03-29,218
2022-03-30,525
2022-03-31,200
2022-04-01,58.5
2022-04-02,58.9
2022-04-03,58
2022-04-04,74.8
2022-04-05,361
2022-04-06,26.3
2022-04-07,33.5
2022-04-08,29.3
2022-04-09,20.6
2022-04-10,18
2022-04-11,18.1
2022-04-12,18.6
2022-04-13,23.3
2022-04-14,20
2022-04-15,18.1
2022-04-16,18.1
2022-04-17,17.6
2022-04-18,17.2
2022-04-19,17.7
2022-04-20,18.1
2022-04-21,17.9
2022-04-22,18.2
2022-04-23,18.1
2022-04-24,18
2022-04-25,30
2022-04-26,19.7
2022-04-27,18.6
2022-04-28,18.8
2022-04-29,18.9
2022-04-30,18.4
2022-05-01,18.1
2022-05-02,19.1
2022-05-03,316
2022-05-04,629
2022-05-05,497
2022-05-06,27.9
2022-05-07,19.9
2022-05-08,18.9
2022-05-09,18.2
2022-05-10,17.7
2022-05-11,17.4
2022-05-12,17.2
2022-05-13,16.8
2022-05-14,16.4
2022-05-15,16.3
2022-05-16,15.8
2022-05-17,15.9
2022-05-18,15.9
2022-05-19,15.9
2022-05-20,15.8
2022-05-21,15.7
2022-05-22,15.4
2022-05-23,15.8
2022-05-24,17.7
2022-05-25,24.3
2022-05-26,18.4
2022-05-27,16.3
2022-05-28,16.4
2022-05-29,16.2
2022-05-30,15.4
2022-05-31,15.4
2022-06-01,15.5
2022-06-02,15.9
2022-06-03,17.4
2022-06-04,17.2
2022-06-05,16.1
2022-06-06,15.7
2022-06-07,15.6
2022-06-08,15.4
2022-06-09,15.6
2022-06-10,15.4
2022-06-11,15
2022-06-12,14.6
2022-06-13,19.7
2022-06-14,18.4
2022-06-15,17.2
2022-06-16,16.7
2022-06-17,15
2022-06-18,15.1
2022-06-19,14.7
2022-06-20,16.1
2022-06-21,17.4
2022-06-22,17.7
2022-06-23,17.1
2022-06-24,17
2022-06-25,13.7
2022-06-26,16.4
2022-06-27,14.3
2022-06-28,16.9
2022-06-29,12
2022-06-30,9.94
2022-07-01,12.9
2022-07-02,16.3
2022-07-03,17.1
2022-07-04,17.1
2022-07-05,17
2022-07-06,17
2022-07-07,17
2022-07-08,17
2022-07-09,17.5
2022-07-10,18.2
2022-07-11,17.4
2022-07-12,17.1
2022-07-13,17
2022-07-14,17.6
2022-07-15,17.3
2022-07-16,17.3
2022-07-17,17.2
2022-07-18,17.1
2022-07-19,17.1
2022-07-20,17
2022-07-21,16.9
2022-07-22,17
2022-07-23,16.9
2022-07-24,16.9
2022-07-25,16.9
2022-07-26,16.8
2022-07-27,16.8
2022-07-28,16.9
2022-07-29,16.9
2022-07-30,16.7
2022-07-31,16.8
2022-08-01,16.9
2022-08-02,17.4
2022-08-03,17.4
2022-08-04,17.5
2022-08-05,17.7
2022-08-06,17.7
2022-08-07,17.8
2022-08-08,17.8
2022-08-09,17.9
2022-08-10,18.1
2022-08-11,18.3
2022-08-12,18.3
2022-08-13,18.4
2022-08-14,18.6
2022-08-15,18.3
2022-08-16,18.2
2022-08-17,18.8
2022-08-18,19.5
2022-08-19,19
2022-08-20,19.1
2022-08-21,26.3
2022-08-22,81
2022-08-23,26.7
2022-08-24,20
2022-08-25,19.1
2022-08-26,18.9
2022-08-27,18.6
2022-08-28,18.5
2022-08-29,18.5
2022-08-30,18.7
2022-08-31,19.3
2022-09-01,20.4
2022-09-02,20.4
2022-09-03,19.4
2022-09-04,34.6
2022-09-05,28.6
2022-09-06,20.1
2022-09-07,20.2
2022-09-08,19.3
2022-09-09,18.3
2022-09-10,13.1
2022-09-11,15.4
2022-09-12,18.2
2022-09-13,18.1
2022-09-14,16.3
2022-09-15,15.3
2022-09-16,15.4
2022-09-17,12.2
2022-09-18,6.7
2022-09-19,14
2022-09-20,27.2
2022-09-21,20.6
2022-09-22,17.9
2022-09-23,15.8
2022-09-24,16
2022-09-25,13.3
2022-09-26,18.9
2022-09-27,20.6
2022-09-28,19.1
2022-09-29,19.2
2022-09-30,19
2022-10-01,17.8
2022-10-02,17.1
2022-10-03,16.1
2022-10-04,18.3
2022-10-05,17.5
2022-10-06,18.1
2022-10-07,18.8
2022-10-08,18.1
2022-10-09,17.8
2022-10-10,16.3
2022-10-11,16.3
2022-10-12,16.5
2022-10-13,17.5
2022-10-14,17.2
2022-10-15,17.9
2022-10-16,18
2022-10-17,17.2
2022-10-18,17
2022-10-19,16.8
2022-10-20,17.1
2022-10-21,123
2022-10-22,449
2022-10-23,449
2022-10-24,465
2022-10-25,455
2022-10-26,455
2022-10-27,457
2022-10-28,472
2022-10-29,454
2022-10-30,450
2022-10-31,450
2022-11-01,449
2022-11-02,447
2022-11-03,447
2022-11-04,311
2022-11-05,27.4
2022-11-06,21.7
2022-11-07,21.9
2022-11-08,26.1
2022-11-09,24.4
2022-11-10,23.4
2022-11-11,22.1
2022-11-12,22.8
2022-11-13,22.2
2022-11-14,22.3
2022-11-15,22.1
2022-11-16,21.9
2022-11-17,20.7
2022-11-18,21.3
2022-11-19,21.9
2022-11-20,20
2022-11-21,22.1
2022-11-22,21.5
2022-11-23,22.4
2022-11-24,26.9
2022-11-25,22.6
2022-11-26,40.2
2022-11-27,20.7
2022-11-28,22.9
2022-11-29,25.9
2022-11-30,22.1
2022-12-01,20.7
2022-12-02,20.2
2022-12-03,23.3
2022-12-04,23.9
2022-12-05,19.9
2022-12-06,21.5
2022-12-07,23.6
2022-12-08,23.3
2022-12-09,21.6
2022-12-10,36.7
2022-12-11,87.9
2022-12-12,42.4
2022-12-13,55
2022-12-14,49.1
2022-12-15,37.7
2022-12-16,31.5
2022-12-17,33.6
2022-12-18,28.2
2022-12-19,32.3
2022-12-20,32.4
2022-12-21,31.7
2022-12-22,29.5
2022-12-23,26.4
2022-12-24,27.5
2022-12-25,29.1
2022-12-26,30.1
2022-12-27,26.1
2022-12-28,32.3
2022-12-29,29.3
2022-12-30,25.9
2022-12-31,29.5
2023-01-01,27.7
2023-01-02,27.6
2023-01-03,25.5
2023-01-04,23.2
2023-01-05,24.1
2023-01-06,26.4
2023-01-07,24.2
2023-01-08,24.9
2023-01-09,25
2023-01-10,24.6
2023-01-11,20.2
2023-01-12,12
2023-01-13,10.3
2023-01-14,14.4
2023-01-15,17.3
2023-01-16,18.4
2023-01-17,18.5
2023-01-18,18.9
2023-01-19,17.8
2023-01-20,17.6
2023-01-21,17.9
2023-01-22,17.6
2023-01-23,17.6
2023-01-24,22.6
2023-01-25,26
2023-01-26,22.7
2023-01-27,20.8
2023-01-28,20.3
2023-01-29,19.5
2023-01-30,18.7
2023-01-31,19.8
2023-02-01,20.1
2023-02-02,25.3
2023-02-03,33.1
2023-02-04,32
2023-02-05,28.4
2023-02-06,26.7
2023-02-07,26.1
2023-02-08,260
2023-02-09,63.8
2023-02-10,19.2
2023-02-11,16.1
2023-02-12,15.7
2023-02-13,15.3
2023-02-14,46.3
2023-02-15,30
2023-02-16,18.4
2023-02-17,16.6
2023-02-18,15.9
2023-02-19,14.8
2023-02-20,14.3
2023-02-21,13.9
2023-02-22,15.2
2023-02-23,13.1
2023-02-24,13
2023-02-25,12.4
2023-02-26,12.4
2023-02-27,12.2
2023-02-28,11.9
2023-03-01,22.7
2023-03-02,26.5
2023-03-03,84.3
2023-03-04,42.4
2023-03-05,33.3
2023-03-06,27.9
2023-03-07,24.1
2023-03-08,23
2023-03-09,24.6
2023-03-10,26.8
2023-03-11,27.8
2023-03-12,24.2
2023-03-13,22.7
2023-03-14,22.6
2023-03-15,22.3
2023-03-16,23.9
2023-03-17,22.2
2023-03-18,22.7
2023-03-19,21.5
2023-03-20,21.7
2023-03-21,22.3
2023-03-22,24.9
2023-03-23,26.3
2023-03-24,29
2023-03-25,25.9
2023-03-26,23
2023-03-27,22.8
2023-03-28,23.6
2023-03-29,23
2023-03-30,24.1
2023-03-31,23.6
2023-04-01,21.7
2023-04-02,22
2023-04-03,21.9
2023-04-04,22.1
2023-04-05,21.4
2023-04-06,20.9
2023-04-07,21
2023-04-08,20.6
2023-04-09,20.6
2023-04-10,20.6
2023-04-11,20.5
2023-04-12,20.5
2023-04-13,20.7
2023-04-14,20.7
2023-04-15,20.4
2023-04-16,20
2023-04-17,19.8
2023-04-18,20.1
2023-04-19,20.3
2023-04-20,19.9
2023-04-21,19.7
2023-04-22,19.3
2023-04-23,20.7
2023-04-24,20.1
2023-04-25,19.8
2023-04-26,19.9
2023-04-27,20.6
2023-04-28,21.4
2023-04-29,21.3
2023-04-30,19.1
2023-05-01,18.6
2023-05-02,18.6
2023-05-03,18.5
2023-05-04,18.9
2023-05-05,24.5
2023-05-06,31.8
2023-05-07,67.6
2023-05-08,23.3
2023-05-09,18.1
2023-05-10,18.1
2023-05-11,17.7
2023-05-12,17.3
2023-05-13,17.3
2023-05-14,25
2023-05-15,25.5
2023-05-16,22.5
2023-05-17,17.7
2023-05-18,16.6
2023-05-19,16.3
2023-05-20,16.2
2023-05-21,16.2
2023-05-22,16.1
2023-05-23,16.5
2023-05-24,17.1
2023-05-25,16.5
2023-05-26,15.7
2023-05-27,15.7
2023-05-28,15.6
2023-05-29,15.5
2023-05-30,15.3
2023-05-31,15.2
2023-06-01,15.2
2023-06-02,15.1
2023-06-03,14.8
2023-06-04,15.3
2023-06-05,15.4
2023-06-06,15.2
2023-06-07,15
2023-06-08,14.9
2023-06-09,14.8
2023-06-10,14.8
2023-06-11,16.1
2023-06-12,23.9
2023-06-13,17.6
2023-06-14,15.2
2023-06-15,14.9
2023-06-16,14.7
2023-06-17,14.6
2023-06-18,14.3
2023-06-19,14
2023-06-20,13.8
2023-06-21,13.9
2023-06-22,14.1
2023-06-23,14.1
2023-06-24,14.2
2023-06-25,14.4
2023-06-26,14.3
2023-06-27,14.3
2023-06-28,14.2
2023-06-29,14.2
2023-06-30,14.3
2023-07-01,14.6
2023-07-02,15.6
2023-07-03,15.2
2023-07-04,14.8
2023-07-05,14.8
2023-07-06,14.8
2023-07-07,14.9
2023-07-10,716
2023-07-11,720
2023-07-12,239
2023-07-13,116
2023-07-14,347
2023-07-15,62.9
2023-07-16,59.7
2023-07-17,60.6
2023-07-18,51.7
2023-07-19,15.9
2023-07-20,11.5
2023-07-21,11
2023-07-22,10.7
2023-07-23,11
2023-07-24,10.8
2023-07-25,11
2023-07-26,11
2023-07-27,11.2
2023-07-28,12
2023-07-29,13.1
2023-07-30,13.4
2023-07-31,13.4
2023-08-01,13.4
2023-08-02,13.5
2023-08-03,13.4
2023-08-04,13.3
2023-08-05,13.1
2023-08-06,13
2023-08-07,11.5
2023-08-08,10.2
2023-08-09,10.3
2023-08-10,10
2023-08-11,9.97
2023-08-12,9.81
2023-08-13,10.1
2023-08-14,10.5
2023-08-15,10.9
2023-08-16,11.3
2023-08-17,11.2
2023-08-18,11.1
2023-08-19,11.1
2023-08-20,11
2023-08-21,11
2023-08-22,11
2023-08-23,11
2023-08-24,11.2
2023-08-25,11.1
2023-08-26,11.1
2023-08-27,11.4
2023-08-28,11.3
2023-08-29,11.4
2023-08-30,11.4
2023-08-31,11.5
2023-09-01,11.3
2023-09-02,11.4
2023-09-03,11.6
2023-09-04,11.7
2023-09-05,11.5
2023-09-06,11
2023-09-07,11.8
2023-09-08,12
2023-09-09,12.5
2023-09-10,12.4
2023-09-11,12.6
2023-09-12,12.7
2023-09-13,14.2
2023-09-14,15.3
2023-09-15,20.1
2023-09-16,14.8
2023-09-17,13
2023-09-18,192
2023-09-19,373
2023-09-20,373
2023-09-21,376
2023-09-22,377
2023-09-23,374
2023-09-24,371
2023-09-25,366
2023-09-26,360
2023-09-27,354
2023-09-28,350
2023-09-29,346
2023-09-30,345
2023-10-01,347
2023-10-02,227
2023-10-03,440
2023-10-04,449
2023-10-05,445
2023-10-06,175
2023-10-07,13.6
2023-10-08,11.8
2023-10-09,11.7
2023-10-10,11.9
2023-10-11,15.3
2023-10-12,12.3
2023-10-13,14
2023-10-14,14.5
2023-10-15,14.7
2023-10-16,15.2
2023-10-17,15.1
2023-10-18,13.2
2023-10-19,12.4
2023-10-20,12.6
2023-10-21,13
2023-10-22,13.6
2023-10-23,14
2023-10-24,15.6
2023-10-25,40.3
2023-10-31,620
2023-11-01,493
2023-11-02,283
2023-11-03,54.8
2023-11-04,40.3
2023-11-05,40.5
2023-11-06,31
2023-11-07,24.5
2023-11-08,20.3
2023-11-09,148
2023-11-10,154
2023-11-11,23.6
2023-11-12,17.8
2023-11-13,16.5
2023-11-14,16.4
2023-11-15,17.1
2023-11-16,17.7
2023-11-17,18.3
2023-11-18,17
2023-11-19,16.4
2023-11-20,17.3
2023-11-21,17.7
2023-11-22,13.9
2023-11-23,13.3
2023-11-24,13
2023-11-25,13
2023-11-26,15
2023-11-27,13.4
2023-11-28,12.7
2023-11-29,13.1
2023-11-30,13.2
2023-12-01,14.3
2023-12-02,12.6
2023-12-03,12.9
2023-12-04,11.9
2023-12-05,11.6
2023-12-06,12.1
2023-12-07,11.9
2023-12-08,11.7
2023-12-09,12.3
2023-12-10,11.6
2023-12-11,12.8
2023-12-12,12.8
2023-12-13,12.4
2023-12-14,10.7
2023-12-15,11
2023-12-16,12.9
2023-12-17,11.7
2023-12-18,10.5
2023-12-19,10.2
2023-12-20,10.4
2023-12-21,11.6
2023-12-22,49.3
2023-12-23,38.6
2023-12-24,270
2023-12-25,151
2023-12-26,90.6
2023-12-27,71.8
2023-12-28,81.9
2023-12-29,117
2023-12-30,109
2023-12-31,107
2024-01-01,101
2024-01-02,82.8
2024-01-03,228
2024-01-04,373
2024-01-05,73.9
2024-01-06,63
2024-01-07,44.8
2024-01-08,278
2024-01-09,420
2024-01-10,61.2
2024-01-11,46.1
2024-01-12,90.1
2024-01-13,45.3
2024-01-14,36.6
2024-01-15,31.9
2024-01-16,34.3
2024-01-17,34.8
2024-01-18,30.7
2024-01-19,30.9
2024-01-20,23.7
2024-01-21,22
2024-01-22,24.8
2024-01-23,28.7
2024-01-24,28.3
2024-01-25,24.2
2024-01-26,21.2
2024-01-27,25.7
2024-01-28,27.9
2024-01-29,27.6
2024-01-30,25.7
2024-01-31,19.8
2024-02-01,18.1
2024-02-02,18.3
2024-02-03,50.2
2024-02-04,39.6
2024-02-05,182
2024-02-06,168
2024-02-07,28.4
2024-02-08,24.2
2024-02-09,169
2024-02-10,519
2024-02-11,665
2024-02-12,269
2024-02-13,128
2024-02-14,116
2024-02-15,260
2024-02-16,395
2024-02-17,379
2024-02-18,192
2024-02-19,80.4
2024-02-20,79
2024-02-21,75.8
2024-02-22,200
2024-02-23,304
2024-02-24,76.6
2024-02-25,59.3
2024-02-26,57.2
2024-02-27,58.9
2024-02-28,70.2
2024-02-29,110
2024-03-01,230
2024-03-02,62.6
2024-03-03,50.2
2024-03-04,46.2
2024-03-05,44.9
2024-03-06,102
2024-03-07,479
2024-03-11,464
2024-03-12,109
2024-03-13,271
2024-03-14,426
2024-03-15,506
2024-03-16,748
2024-03-19,453
2024-03-20,446
2024-03-21,444
2024-03-22,451
2024-03-23,446
2024-03-24,450
2024-03-27,560
2024-03-28,333
2024-03-29,96.2
2024-03-30,79.3
2024-03-31,77.9
2024-04-01,298
2024-04-02,741
2024-04-03,481
2024-04-04,105
2024-04-05,80.8
2024-04-06,69
2024-04-07,68.6
2024-04-08,60.6
2024-04-09,64.8
2024-04-10,409
2024-04-11,533
2024-04-12,419
2024-04-13,419
2024-04-14,416
2024-04-15,417
2024-04-16,259
2024-04-17,64
2024-04-18,54.4
2024-04-19,53.5
2024-04-20,183
2024-04-23,709
2024-04-24,615
2024-04-25,420
2024-04-26,420
2024-04-27,419
